roi,metric,statistic,pvalue
1117,volume_mm3,9025.39349070489,1.999998000002e-06
1097,rd,130806429108.444,9.99999000001e-07
106,volume_mm3,758.854504387236,9.99999000001e-07
1133,rd,4376990254.87757,0.0001479998520001
1062,rd,5203013959.66705,9.99999000001e-07
122,rd,18313296821.7041,9.99999000001e-07
163,adc,15974377267.2884,9.99999000001e-07
100,fa,1119.59598445153,0.0005739994260005
65,fa,7478.6158346924,9.99999000001e-07
157,rd,21952842503.3056,9.99999000001e-07
1076,fa,3022.33759094889,6.999993000007e-06
141,volume_mm3,254.296575264933,9.99999000001e-07
136,fa,77.5251875094052,0.0028599971400028
22,adc,26364494461.3257,9.99999000001e-07
1005,fa,7985.25686039552,9.99999000001e-07
1068,adc,43501593276.0704,9.99999000001e-07
1027,rd,10742524818.6524,9.99999000001e-07
30,fa,4497.32635419967,0.0009189990810009
16,rd,2717099835.5212,0.0534689465310535
128,adc,31745501846.2666,1.999998000002e-06
1,volume_mm3,15.1077063543855,9.99999000001e-07
1011,volume_mm3,63.2754162243715,1.999998000002e-06
35,volume_mm3,267.280032645058,0.0002109997890002
1046,volume_mm3,7427.91020625487,9.99999000001e-07
92,adc,240081316129.645,9.99999000001e-07
1138,adc,6696090910.29458,9.99999000001e-07
1081,volume_mm3,2.7938753425107,2.999997000003e-06
1032,adc,52692943552.4454,9.99999000001e-07
1103,adc,75947775822.2543,1.999998000002e-06
87,rd,55691272812.632,9.99999000001e-07
1040,fa,49150.9333307971,9.99999000001e-07
1152,volume_mm3,151.100358829428,9.99999000001e-07
51,rd,32223142368.9151,8.999991000009e-06
1146,fa,2275.35509873676,9.99999000001e-07
57,adc,1990973147.37345,4.999995000005e-06
71,volume_mm3,1446.40802039435,7.0999929000071e-05
1111,fa,7804.29086749697,1.999998000002e-06
1134,rd,6613125433.55239,9.99999000001e-07
1118,volume_mm3,8.37835789520387,0.0013939986060013
101,fa,4726.32792986456,9.99999000001e-07
107,volume_mm3,326.09085576787,9.99999000001e-07
1098,rd,188264055914.328,9.99999000001e-07
1006,fa,6819.4022022909,9.99999000001e-07
2,volume_mm3,4.89826114079227,0.0178709821290179
1047,volume_mm3,886.292408660435,1.999998000002e-05
158,rd,141350385097.483,9.99999000001e-07
142,volume_mm3,4411.21897909875,9.99999000001e-07
1077,fa,55733.3150340456,9.99999000001e-07
1063,rd,2420902243.94764,9.99999000001e-07
123,rd,5058462905.65084,2.2999977000023e-05
164,adc,51237955972.3961,9.99999000001e-07
23,adc,29342467423.7238,9.99999000001e-07
66,fa,24678.4639801971,9.99999000001e-07
1041,fa,1825.4215341096,1.999998000002e-06
31,fa,47182.4726272798,9.99999000001e-07
1069,adc,34023942568.4733,9.99999000001e-07
129,adc,7181019044.6854,9.99999000001e-07
137,fa,6731.88461549074,9.99999000001e-07
1033,adc,2142395120.6816,0.440622559377441
93,adc,207859307332.014,9.99999000001e-07
36,volume_mm3,120.925875422652,9.99999000001e-07
17,rd,12925414207.7912,2.999997000003e-06
1082,volume_mm3,8.37704103053631,9.99999000001e-07
1153,volume_mm3,968.626096957379,9.99999000001e-07
1139,adc,4841339940.53967,9.99999000001e-07
1104,adc,41878304800.5601,4.999995000005e-06
1012,volume_mm3,27.0575363440168,0.0018029981970018
58,adc,43490949607.5008,9.99999000001e-07
1028,rd,7122302486.06586,9.99999000001e-07
1112,fa,2288.39155619687,3.0999969000031e-05
52,rd,16065177382.8823,1.999998000002e-06
72,volume_mm3,0.717514418708974,6.0999939000061e-05
1147,fa,987.691744527186,9.99999000001e-07
88,rd,46377910914.6299,9.99999000001e-07
108,volume_mm3,44385.7161537603,1.999998000002e-05
1135,rd,103131487302.683,9.99999000001e-07
24,adc,99689449902.3231,9.99999000001e-07
159,rd,11591288731.6013,9.99999000001e-07
3,volume_mm3,124.60346825812,9.99999000001e-07
1078,fa,7929.4136756701,2.1999978000022e-05
1119,volume_mm3,295.775997902202,9.99999000001e-07
1048,volume_mm3,5804.63479100995,0.0001419998580001
165,adc,78655652816.1452,9.99999000001e-07
1007,fa,8447.17369159888,9.99999000001e-07
1064,rd,14326762511.5521,5.1999948000052e-05
143,volume_mm3,115.695999101812,9.99999000001e-07
1099,rd,33015316131.7704,5.6999943000057e-05
102,fa,11452.2488629005,9.99999000001e-07
138,fa,753.45705925686,0.0006609993390006
1042,fa,159035.672690648,9.99999000001e-07
124,rd,8842146502.04055,9.99999000001e-07
1034,adc,24061822278.5051,1.999998000002e-06
1070,adc,92714058613.081,9.99999000001e-07
37,volume_mm3,1.07069801510499,0.0001629998370001
67,fa,2631.31332376691,9.99999000001e-07
32,fa,125242.906503978,9.99999000001e-07
130,adc,3102856270.83001,5.4999945000055e-05
1154,volume_mm3,9129.69552181994,9.99999000001e-07
94,adc,159773709656.312,9.99999000001e-07
18,rd,3044232567.33786,0.0002509997490002
1013,volume_mm3,905.685325426189,9.99999000001e-07
1029,rd,9746647762.84919,9.99999000001e-07
1105,adc,18839343400.7232,0.002009997990002
1083,volume_mm3,13.9790189897257,9.99999000001e-07
1140,adc,42901652386.8598,9.99999000001e-07
1148,fa,6148.65118732417,9.99999000001e-07
59,adc,9563027188.66838,9.99999000001e-07
73,volume_mm3,2.37722567261283,9.99999000001e-07
1113,fa,117071.766149653,9.99999000001e-07
89,rd,5254598473.3566,2.999997000003e-06
53,rd,32781504368.5651,1.999998000002e-05
109,volume_mm3,10.6290981798673,0.0001989998010001
1049,volume_mm3,599.119501385589,9.99999000001e-07
1136,rd,26116333896.4768,9.99999000001e-07
1141,adc,9141989026.53866,9.99999000001e-07
25,adc,27230566148.2935,9.99999000001e-07
1155,volume_mm3,1264.01729686021,1.3999986000014e-05
160,rd,17936381421.0768,9.99999000001e-07
1008,fa,34265.8165386328,9.99999000001e-07
1079,fa,17386.0453293503,9.99999000001e-07
144,volume_mm3,1216.93069901676,9.99999000001e-07
166,adc,45465364704.0251,9.99999000001e-07
1100,rd,11639653771.2722,0.0114019885980114
4,volume_mm3,243.454846244282,7.3999926000074e-05
1120,volume_mm3,3.61384651706309,1.7999982000018e-05
1065,rd,5809645400.5807,0.0004489995510004
103,fa,27052.8671878107,9.99999000001e-07
139,fa,2164.61272708327,9.99999000001e-07
1043,fa,307097.112713184,9.99999000001e-07
1035,adc,6681148469.19279,4.999995000005e-06
125,rd,705369067.089841,0.0105679894320106
38,volume_mm3,57.3209875901033,9.99999000001e-07
1114,fa,1574.80311917854,6.4999935000065e-05
131,adc,12330131002.9456,1.999998000002e-06
1149,fa,209.275438814068,9.99999000001e-07
95,adc,1448239086.46882,0.0355879644120356
33,fa,1877.09112574478,0.0248709751290249
68,fa,34043.7341993663,9.99999000001e-07
1084,volume_mm3,13667.3567627671,9.99999000001e-07
19,rd,9159528656.48687,9.99999000001e-07
1030,rd,17143385467.8396,9.99999000001e-07
1106,adc,24997517190.0674,0.0067099932900067
90,rd,2989498444.9487,1.999998000002e-06
1071,adc,14104881825.5789,3.999996000004e-06
1014,volume_mm3,632.392922385823,9.99999000001e-07
74,volume_mm3,405.272759634817,9.99999000001e-07
60,adc,2932619086.16644,9.99999000001e-07
54,rd,26182398418.4234,9.99999000001e-07
1050,volume_mm3,24926.1835255084,9.99999000001e-07
110,volume_mm3,2262.83099319797,9.99999000001e-07
1156,volume_mm3,27491.1598103919,9.99999000001e-07
1142,adc,71429648815.6741,9.99999000001e-07
1137,rd,44530743272.6223,9.99999000001e-07
75,volume_mm3,1092.79131031804,7.999992000008e-06
26,adc,1156831952874.85,9.99999000001e-07
161,rd,163287379.474595,9.99999000001e-07
5,volume_mm3,5.63711985656735,3.5999964000036e-05
1080,fa,947.743813180605,0.0001219998780001
1009,fa,1292.68186874108,9.99999000001e-07
140,fa,1130.33109364106,9.99999000001e-07
96,adc,413433834239.691,9.99999000001e-07
145,volume_mm3,1519.26354044951,9.99999000001e-07
1001,adc,43564759876.7278,9.99999000001e-07
1115,fa,24171.0885565569,9.99999000001e-07
1044,fa,7525.86941202045,9.99999000001e-07
1066,rd,35765431085.6169,1.1999988000012e-05
34,fa,9037.03325344172,3.999996000004e-06
1121,volume_mm3,3.80520373367214,9.99999000001e-07
20,rd,15523471251.996,8.999991000009e-06
1150,fa,8433.62362588802,9.99999000001e-07
61,adc,92317237557.7206,9.99999000001e-07
104,fa,14897.7036432869,0.0016709983290016
1107,adc,5008740138.04006,0.186508813491187
132,adc,49785053486.5729,9.99999000001e-07
126,rd,3319934606.10918,0.0037419962580037
1101,rd,86609239457.7034,9.99999000001e-07
69,fa,42657.7397923188,9.99999000001e-07
1031,rd,10388216221.356,9.99999000001e-07
39,volume_mm3,328.622575122642,9.99999000001e-07
1036,adc,70209750800.7483,9.99999000001e-07
1015,volume_mm3,1.80543068209769,9.99999000001e-07
1072,adc,3630231645.9088,0.133331866668133
1085,volume_mm3,12.0465789275646,9.99999000001e-07
91,rd,461280879236.908,9.99999000001e-07
55,rd,90911680242.93,9.99999000001e-07
1143,adc,37752710859.8477,9.99999000001e-07
1051,volume_mm3,0.0256900764666142,0.0044319955680044
76,volume_mm3,306.310931712478,9.99999000001e-07
1157,volume_mm3,549.90388085018,0.0006889993110006
111,volume_mm3,2292.2710160898,9.99999000001e-07
62,adc,3164925037.51348,1.999998000002e-06
1151,fa,2748.17474722084,9.99999000001e-07
1116,fa,20285.0745478217,9.99999000001e-07
1045,fa,93553.789482752,9.99999000001e-07
6,volume_mm3,182.904312702111,0.0001369998630001
162,rd,589552440733.126,9.99999000001e-07
27,adc,84270750208.3159,9.99999000001e-07
1032,rd,42341523596.6785,9.99999000001e-07
97,adc,341154272288.97,9.99999000001e-07
141,fa,1732.44998556999,9.99999000001e-07
1081,fa,112678.327586821,9.99999000001e-07
1010,fa,18448.3823936593,7.0999929000071e-05
1138,rd,21907376857.8712,9.99999000001e-07
21,rd,7385492589.01535,1.999998000002e-06
35,fa,4366.75744756396,0.0001649998350001
1067,rd,6855194309.87449,9.99999000001e-07
1002,adc,1882737805.22121,1.999998000002e-06
133,adc,2928181935.15344,9.99999000001e-07
1122,volume_mm3,3451.81840096908,1.999998000002e-06
146,volume_mm3,23409.7982487289,9.99999000001e-07
1108,adc,7517497186.57803,9.99999000001e-07
40,volume_mm3,21.6917195762072,2.999997000003e-06
105,fa,9374.80814297779,9.99999000001e-07
1102,rd,173657287625.241,9.99999000001e-07
1086,volume_mm3,708.313871071175,9.99999000001e-07
1037,adc,14794841992.2463,9.99999000001e-07
127,rd,39656544357.8052,0.0476939523060477
70,fa,5915.84882176199,9.99999000001e-07
1073,adc,144788622076.246,9.99999000001e-07
1016,volume_mm3,1.72410724298987,1.2999987000013e-05
92,rd,347378205707.402,9.99999000001e-07
56,rd,4829927206.83868,0.0023699976300023
1158,volume_mm3,12245.094706081,4.4999955000045e-05
1144,adc,13981226015.5403,9.99999000001e-07
1052,volume_mm3,648.105399945533,9.99999000001e-07
77,volume_mm3,27.6733054997817,9.99999000001e-07
112,volume_mm3,247.098513157343,9.99999000001e-07
1117,fa,7675.60741351274,2.999997000003e-06
63,adc,28830823731.3738,9.99999000001e-07
36,fa,23416.8873552516,9.99999000001e-07
1152,fa,3867.12481153926,9.99999000001e-07
1046,fa,111188.65847884,9.99999000001e-07
1033,rd,2419348513.7608,0.440615559384441
22,rd,30375805370.1607,9.99999000001e-07
1103,rd,51571512948.6128,1.999998000002e-06
163,rd,15073982423.6781,9.99999000001e-07
98,adc,92184072841.7505,9.99999000001e-07
28,adc,53894040890.5637,9.99999000001e-07
1082,fa,19748.9903993128,9.99999000001e-07
147,volume_mm3,0.131912189850619,9.99999000001e-07
7,volume_mm3,143.348381206633,9.99999000001e-07
1109,adc,45459085565.8459,9.99999000001e-07
1123,volume_mm3,188.109293217388,9.99999000001e-07
134,adc,17793284408.544,9.99999000001e-07
1003,adc,12397166320.0033,8.999991000009e-06
1011,fa,4294.49612241679,6.999993000007e-06
142,fa,22650.5050233815,9.99999000001e-07
41,volume_mm3,249.636659860794,3.999996000004e-06
1139,rd,7607682654.47458,9.99999000001e-07
1087,volume_mm3,3694.29133573625,9.99999000001e-07
1068,rd,78638809015.1489,9.99999000001e-07
57,rd,3018097430.24883,4.999995000005e-06
1038,adc,28034004638.3686,9.99999000001e-07
1074,adc,79579101240.3712,9.99999000001e-07
106,fa,7127.69510989406,9.99999000001e-07
128,rd,21106483011.7883,1.999998000002e-06
1017,volume_mm3,25.8606801924154,9.99999000001e-07
71,fa,888.011731795297,6.6999933000067e-05
93,rd,253782376338.582,9.99999000001e-07
78,volume_mm3,5.13892446993915,4.999995000005e-06
1159,volume_mm3,41548.3193746464,9.99999000001e-07
1145,adc,56372354494.4753,9.99999000001e-07
1053,volume_mm3,6.73979407716214,1.999998000002e-06
1118,fa,188.489876599422,0.0001799998200001
113,volume_mm3,18.2130934284215,9.99999000001e-07
1153,fa,6281.74569945221,9.99999000001e-07
64,adc,8316663854.13207,9.99999000001e-07
37,fa,5582.54299977514,1.0999989000011e-05
1034,rd,26546038706.2268,1.999998000002e-06
1047,fa,525.89574274093,1.1999988000012e-05
23,rd,28234324198.8351,9.99999000001e-07
1104,rd,59707594143.0016,4.999995000005e-06
29,adc,162334035689.192,9.99999000001e-07
164,rd,21286910098.625,9.99999000001e-07
99,adc,7024186606.74088,0.0066819933180066
1004,adc,51130649962.5725,9.99999000001e-07
1110,adc,1347807797.05494,0.0025209974790025
8,volume_mm3,9.2547319308095,9.99999000001e-07
1124,volume_mm3,485.178492355347,9.99999000001e-07
1083,fa,2291.9735695902,9.99999000001e-07
135,adc,10190286568.9107,9.99999000001e-07
148,volume_mm3,10.9941179787235,9.99999000001e-07
58,rd,68133755458.5012,9.99999000001e-07
1069,rd,52731966074.4607,9.99999000001e-07
1088,volume_mm3,758.466263732321,9.99999000001e-07
143,fa,2528.16469790398,9.99999000001e-07
1140,rd,71973394252.6967,9.99999000001e-07
42,volume_mm3,4.50687360341959,0.0016579983420016
1039,adc,1561879436.97015,2.7999972000028e-05
72,fa,36191.9981319976,1.999998000002e-06
1012,fa,3763.96641917743,0.0025299974700025
1075,adc,9636552706.64595,0.068947931052069
129,rd,28061671246.7425,9.99999000001e-07
1018,volume_mm3,1861.26163120165,9.99999000001e-07
107,fa,21060.819386451,9.99999000001e-07
94,rd,89030695835.1975,9.99999000001e-07
1160,volume_mm3,271.812656550883,4.6999953000047e-05
79,volume_mm3,993.39417318106,0.013993986006014
1146,adc,21702966928.3192,9.99999000001e-07
1054,volume_mm3,111.365883949169,9.99999000001e-06
1119,fa,6601.05358886249,9.99999000001e-07
1154,fa,5167.31204580307,9.99999000001e-07
114,volume_mm3,21.0881930604786,9.99999000001e-07
59,rd,20649248714.0538,9.99999000001e-07
1048,fa,654.785019108641,0.0001189998810001
100,adc,1938192866.97822,0.0005059994940005
65,adc,12855054237.1271,9.99999000001e-07
38,fa,8884.70198689462,9.99999000001e-07
1035,rd,6467350131.80236,4.999995000005e-06
24,rd,70818529215.7021,9.99999000001e-07
165,rd,47700417881.7738,9.99999000001e-07
1111,adc,100220193924.814,1.999998000002e-06
30,adc,4030884629.09621,0.0009279990720009
1105,rd,39094314404.4242,0.002009997990002
1005,adc,33135667504.1109,9.99999000001e-07
1125,volume_mm3,3094.19965880513,9.99999000001e-07
1084,fa,3755.58473859132,9.99999000001e-07
149,volume_mm3,478.499405110993,9.99999000001e-07
1089,volume_mm3,0.589858809261873,7.999992000008e-06
136,adc,181587741.425228,0.0033129966870033
130,rd,3009032233.32588,5.4999945000055e-05
1040,adc,28897008567.9681,9.99999000001e-07
1141,rd,22593516521.627,9.99999000001e-07
43,volume_mm3,86.5928088792644,9.99999000001e-07
1070,rd,81780780448.6305,9.99999000001e-07
73,fa,7500.67695292512,9.99999000001e-07
144,fa,24103.0500965982,9.99999000001e-07
9,volume_mm3,20.0670784455529,2.4999975000025e-05
1076,adc,4119290508.51672,4.999995000005e-06
95,rd,1232615223.68361,0.0355859644140356
1013,fa,791.097175884098,9.99999000001e-07
1019,volume_mm3,0.350428498046927,4.1999958000042e-05
108,fa,220.174659595996,1.7999982000018e-05
1,fa,16138.340631102,9.99999000001e-07
1161,volume_mm3,29.0340508396176,0.0003159996840003
80,volume_mm3,0.858217321307147,0.167724832275168
1147,adc,49587861434.8825,9.99999000001e-07
1055,volume_mm3,38.5983445651223,8.999991000009e-06
101,adc,195784392357.41,9.99999000001e-07
1120,fa,596.114089851967,1.999998000002e-06
115,volume_mm3,37.7820056962579,1.999998000002e-06
1155,fa,1388.98850180539,1.3999986000014e-05
1049,fa,5562.22484192452,9.99999000001e-07
39,fa,105342.567174024,9.99999000001e-07
1036,rd,57441969898.8094,9.99999000001e-07
66,adc,22682665854.5345,9.99999000001e-07
60,rd,6725386386.62108,9.99999000001e-07
166,rd,77039085569.095,9.99999000001e-07
1112,adc,5756036937.87791,2.6999973000027e-05
25,rd,17683131757.1705,9.99999000001e-07
1090,volume_mm3,14247.4378612032,9.99999000001e-07
1126,volume_mm3,1106.45448383271,9.99999000001e-07
1006,adc,9381155504.74794,9.99999000001e-07
31,adc,37207693366.2708,9.99999000001e-07
1106,rd,18895492129.3752,0.0067129932870067
137,adc,42001151274.7295,9.99999000001e-07
150,volume_mm3,235716.800316553,9.99999000001e-07
1085,fa,10316.76008653,9.99999000001e-07
44,volume_mm3,1.19154536801981,8.999991000009e-06
1071,rd,20711594419.2059,3.999996000004e-06
1041,adc,25755296160.1275,9.99999000001e-07
131,rd,17489556431.7942,1.999998000002e-06
74,fa,1312.13866634626,9.99999000001e-07
145,fa,18068.9160605697,9.99999000001e-07
10,volume_mm3,94.7753017951944,5.4999945000055e-05
1077,adc,38794454593.323,9.99999000001e-07
1014,fa,15924.0427550652,9.99999000001e-07
96,rd,236323097059.709,9.99999000001e-07
1142,rd,99015529974.0405,9.99999000001e-07
1020,volume_mm3,0.688042462579929,0.003022996977003
109,fa,1888.85320280469,1.999998000002e-06
2,fa,5191.22879562192,9.99999000001e-07
1162,volume_mm3,83.7937251684152,9.99999000001e-07
81,volume_mm3,1.41732454125702,9.99999000001e-07
1148,adc,920700799.350613,9.99999000001e-07
102,adc,402358948036.207,9.99999000001e-07
1056,volume_mm3,56982.039533813,9.99999000001e-07
1121,fa,5255.55211428453,9.99999000001e-07
1156,fa,8899.50553600156,9.99999000001e-07
40,fa,5266.93015715996,9.99999000001e-07
116,volume_mm3,2.00221468597097,9.99999000001e-07
1050,fa,16223.3329052853,9.99999000001e-07
1001,rd,56882400265.7201,9.99999000001e-07
1037,rd,19459275081.5676,9.99999000001e-07
67,adc,2751105600.15177,9.99999000001e-07
61,rd,73163333848.175,9.99999000001e-07
1113,adc,400867754872.529,9.99999000001e-07
26,rd,688999754994.381,9.99999000001e-07
1091,volume_mm3,0.0056587913835931,9.99999000001e-07
138,adc,1502394951.50768,0.0007439992560007
1107,rd,4296776477.43925,0.186510813489187
45,volume_mm3,499.584904231359,9.99999000001e-07
1007,adc,19903124793.26,9.99999000001e-07
151,volume_mm3,6038.10438809171,9.99999000001e-07
32,adc,354555338351.306,9.99999000001e-07
1127,volume_mm3,192.746329963796,9.99999000001e-07
1072,rd,5060760445.05249,0.133335866664133
1042,adc,44285442670.574,9.99999000001e-07
1086,fa,1154.99206009038,9.99999000001e-07
132,rd,50747656517.9036,9.99999000001e-07
75,fa,26955.2011781775,9.99999000001e-06
11,volume_mm3,71.9730685729143,9.99999000001e-07
146,fa,17146.0258557711,9.99999000001e-07
1015,fa,5462.49374542351,9.99999000001e-07
1078,adc,9058342152.46905,1.999998000002e-05
97,rd,346538759163.201,9.99999000001e-07
1143,rd,17215205321.0447,9.99999000001e-07
1021,volume_mm3,15.608890133303,1.4999985000015e-05
110,fa,5743.19361765149,9.99999000001e-07
3,fa,38308.8534369475,9.99999000001e-07
82,volume_mm3,2.08651003148392,0.0001969998030001
1163,volume_mm3,318.178670283114,9.99999000001e-07
1149,adc,913938023.876841,1.999998000002e-06
1122,fa,4662.66805948603,3.999996000004e-06
103,adc,157988788748.583,9.99999000001e-07
1002,rd,2327186678.19313,1.999998000002e-06
1157,fa,15824.0182614308,0.0003249996750003
1057,volume_mm3,0.0090200134305686,3.999996000004e-05
1051,fa,3975.40929575767,0.0004579995420004
117,volume_mm3,20863.2977173292,9.99999000001e-07
41,fa,1341.01665958132,1.999998000002e-06
1038,rd,19895670088.5292,9.99999000001e-07
68,adc,51093246635.614,9.99999000001e-07
27,rd,39734835834.1259,9.99999000001e-07
1114,adc,10470161059.3357,5.6999943000057e-05
62,rd,3667343704.29606,1.999998000002e-06
46,volume_mm3,791.276391721057,0.0116209883790116
139,adc,29656457828.5282,9.99999000001e-07
1108,rd,6170488689.9225,9.99999000001e-07
33,adc,3354940583.14656,0.0238439761560238
152,volume_mm3,307.617242758234,9.99999000001e-07
1073,rd,220947479514.835,9.99999000001e-07
1092,volume_mm3,3050.01495767084,9.99999000001e-07
1008,adc,41792922920.7702,9.99999000001e-07
1128,volume_mm3,401656.078896242,9.99999000001e-07
1043,adc,445782867312.51,9.99999000001e-07
1087,fa,18259.0195659559,9.99999000001e-07
133,rd,9090160712.00037,9.99999000001e-07
76,fa,24666.2501671871,9.99999000001e-07
1016,fa,3889.2725687096,7.999992000008e-06
12,volume_mm3,75.8284729596409,9.99999000001e-07
147,fa,1173.11081466937,9.99999000001e-07
1079,adc,39188893211.9467,9.99999000001e-07
98,rd,95687771658.7728,9.99999000001e-07
1144,rd,43316449949.3543,9.99999000001e-07
1022,volume_mm3,183.688470833189,0.0002419997580002
111,fa,10655.024274965,9.99999000001e-07
4,fa,5631.26513994797,4.4999955000045e-05
83,volume_mm3,78.6318917241972,9.99999000001e-07
1123,fa,3347.74775496336,9.99999000001e-07
104,adc,26994552668.1501,0.0017179982820017
1164,volume_mm3,5222.38505453752,0.0002109997890002
1150,adc,46962589770.8124,9.99999000001e-07
1003,rd,23765220035.1409,8.999991000009e-06
69,adc,57974877831.8102,9.99999000001e-07
42,fa,8405.76607325499,0.0007159992840007
1158,fa,5777.58082004474,4.4999955000045e-05
118,volume_mm3,184.09426263399,9.99999000001e-07
1058,volume_mm3,1738.52146817515,0.0001189998810001
1052,fa,6396.46620026802,9.99999000001e-07
1039,rd,1987683195.08589,2.7999972000028e-05
1115,adc,145903706958.011,9.99999000001e-07
47,volume_mm3,28774.2395357623,9.99999000001e-07
28,rd,30339782297.4328,9.99999000001e-07
63,rd,38601133408.7604,9.99999000001e-07
140,adc,8751244768.34055,9.99999000001e-07
1109,rd,40544242575.5746,9.99999000001e-07
1044,adc,32584902730.2919,9.99999000001e-07
1074,rd,80107428859.0484,9.99999000001e-07
1129,volume_mm3,7352.01123722103,9.99999000001e-07
153,volume_mm3,203.435391770702,0.0001599998400001
1088,fa,1938.20244230337,9.99999000001e-07
1009,adc,3195700972.73826,9.99999000001e-07
34,adc,17167598201.7191,7.999992000008e-06
1093,volume_mm3,358.925290129087,1.999998000002e-05
77,fa,15419.7859716464,9.99999000001e-07
134,rd,28960121113.1537,9.99999000001e-07
1017,fa,3562.01310069545,9.99999000001e-07
13,volume_mm3,2496.35663464969,9.99999000001e-07
148,fa,17893.5338335882,9.99999000001e-07
1145,rd,122973250604.0,9.99999000001e-07
1080,adc,8775921251.66851,0.0001239998760001
99,rd,10439271160.2619,0.0066809933190066
1023,volume_mm3,2619.04506075424,9.8999901000099e-05
112,fa,33981.3810226921,9.99999000001e-07
5,fa,3450.87484206095,1.0999989000011e-05
1124,fa,1534.85265186719,9.99999000001e-07
84,volume_mm3,8470.77053655417,1.999998000002e-06
1165,volume_mm3,127034.764711338,3.1999968000032e-05
105,adc,73669610378.9474,9.99999000001e-07
1004,rd,59128253508.8371,9.99999000001e-07
1151,adc,37163834210.3568,9.99999000001e-07
70,adc,25795599140.8124,9.99999000001e-07
119,volume_mm3,26.8593560442199,9.99999000001e-07
1053,fa,5944.94925432884,9.99999000001e-07
43,fa,3339.10561641715,9.99999000001e-07
1059,volume_mm3,0.512933824085535,9.99999000001e-07
1159,fa,623.128450472614,9.99999000001e-07
29,rd,109259740702.225,9.99999000001e-07
1040,rd,37125450657.0992,9.99999000001e-07
48,volume_mm3,6624.61772771481,9.99999000001e-07
64,rd,13161492805.4112,9.99999000001e-07
1116,adc,92342050720.5366,9.99999000001e-07
1045,adc,74908554939.923,9.99999000001e-07
1094,volume_mm3,26281.9871248468,1.999998000002e-06
141,adc,17440658669.7415,9.99999000001e-07
1089,fa,3822.96870556037,9.99999000001e-07
1110,rd,1760795291.54446,0.0025199974800025
1075,rd,8289176585.32236,0.068947931052069
154,volume_mm3,3401.84199235155,9.99999000001e-07
1010,adc,35292627211.1653,6.5999934000066e-05
1130,volume_mm3,36854.3790087894,1.999998000002e-06
78,fa,9029.11686987863,9.99999000001e-07
35,adc,6401266361.36698,0.0001729998270001
1018,fa,16124.9898106754,1.999998000002e-06
135,rd,43411892493.1438,9.99999000001e-07
14,volume_mm3,800.291750469596,9.99999000001e-07
1081,adc,64167159043.3319,9.99999000001e-07
149,fa,6782.24848151989,9.99999000001e-07
1146,rd,16933648728.7151,9.99999000001e-07
100,rd,5121402573.80211,0.0005059994940005
1024,volume_mm3,716.431505918973,9.99999000001e-07
113,fa,18474.5189395014,1.999998000002e-06
6,fa,1586.17665195885,0.0002079997920002
85,volume_mm3,26.7860725343266,9.99999000001e-07
1125,fa,19562.8727439966,9.99999000001e-07
1166,volume_mm3,89.8768939333926,0.0001419998580001
106,adc,113569899442.197,9.99999000001e-07
1005,rd,26592606728.2867,9.99999000001e-07
1152,adc,382488727.963282,9.99999000001e-07
1041,rd,31774682220.9401,9.99999000001e-07
1054,fa,22369.8166909946,9.99999000001e-06
49,volume_mm3,48.1027562933334,9.99999000001e-07
71,adc,6264182151.95619,5.999994000006e-05
120,volume_mm3,14.3340814496996,0.0002719997280002
44,fa,189.411859178349,2.7999972000028e-05
65,rd,20576067513.0244,9.99999000001e-07
1117,adc,119636560329.547,9.99999000001e-07
1060,volume_mm3,2.18748931796818,0.0001769998230001
30,rd,4895982685.24351,0.0009279990720009
1160,fa,1611.89279580855,5.999994000006e-05
1095,volume_mm3,125.182481850742,2.0999979000021e-05
142,adc,110146743614.455,9.99999000001e-07
1046,adc,66110080105.8679,9.99999000001e-07
1076,rd,3798033347.02461,4.999995000005e-06
1111,rd,80452865839.8485,1.999998000002e-06
1131,volume_mm3,594329.48355444,9.99999000001e-07
1090,fa,11705.4703149335,9.99999000001e-07
155,volume_mm3,20122.5569513109,9.99999000001e-07
79,fa,626.694398865441,0.0144199855800144
1011,adc,14528651733.5125,5.999994000006e-06
36,adc,50802600062.0496,9.99999000001e-07
1019,fa,4608.10608269282,9.99999000001e-07
136,rd,192514674.803262,0.0033129966870033
1082,adc,27165995833.3274,9.99999000001e-07
15,volume_mm3,3.37739789456201,9.99999000001e-07
150,fa,1729.13375010946,9.99999000001e-07
1147,rd,13870229619.0841,9.99999000001e-07
101,rd,114719119571.629,9.99999000001e-07
1025,volume_mm3,1.29470790227044,5.999994000006e-06
114,fa,5308.33956708345,9.99999000001e-07
7,fa,6566.84796303766,9.99999000001e-07
86,volume_mm3,6485.79860956111,9.99999000001e-07
1,adc,20366905101.2441,9.99999000001e-07
1126,fa,1851.31322203501,9.99999000001e-07
1153,adc,38491245243.1895,9.99999000001e-07
107,adc,142636330919.093,9.99999000001e-07
1061,volume_mm3,1832.1858650284,1.999998000002e-06
1042,rd,52009410113.8137,9.99999000001e-07
1006,rd,8698558085.37867,9.99999000001e-07
50,volume_mm3,5179.79994217672,9.99999000001e-07
1055,fa,3189.8182361353,2.999997000003e-06
31,rd,41269366171.9384,9.99999000001e-07
121,volume_mm3,4.44814877085571,9.99999000001e-07
72,adc,40956336724.0331,9.99999000001e-07
1118,adc,664481315.725903,0.0001849998150001
1161,fa,2147.56861005654,8.999991000009e-06
66,rd,27167232497.203,9.99999000001e-07
143,adc,46768487115.7352,9.99999000001e-07
45,fa,9813.15991651275,9.99999000001e-07
1077,rd,47050229220.5416,9.99999000001e-07
1096,volume_mm3,1488.67982464862,9.99999000001e-07
1112,rd,7387695958.27284,2.6999973000027e-05
1047,adc,3102684889.65612,1.5999984000016e-05
156,volume_mm3,27931.744614162,9.99999000001e-07
1132,volume_mm3,3436.09949491429,9.99999000001e-07
1091,fa,11536.9107640824,9.99999000001e-07
37,adc,7615288205.83084,1.1999988000012e-05
80,fa,152.708478775408,0.127171872828127
1012,adc,8717694364.82631,0.0025279974720025
137,rd,198719423903.157,9.99999000001e-07
1020,fa,4783.19611994927,2.7999972000028e-05
16,volume_mm3,0.597028593394133,0.113066886933113
1083,adc,12235199505.0527,9.99999000001e-07
1148,rd,938739892.458693,9.99999000001e-07
151,fa,6726.68285410119,9.99999000001e-07
102,rd,246964039299.96,9.99999000001e-07
115,fa,3394.70150442709,2.999997000003e-06
1026,volume_mm3,47.9362780394923,9.99999000001e-07
8,fa,14640.758545061,9.99999000001e-07
87,volume_mm3,7756.25302774955,9.99999000001e-07
2,adc,16242002154.3614,9.99999000001e-07
1154,adc,7511982914.33932,9.99999000001e-07
1127,fa,164898.490844111,9.99999000001e-07
1062,volume_mm3,0.879739518137753,2.999997000003e-06
51,volume_mm3,0.125212180927062,9.99999000001e-06
108,adc,701866200.219762,1.7999982000018e-05
1043,rd,484410916189.105,9.99999000001e-07
73,adc,10592688052.5821,9.99999000001e-07
1007,rd,17486946728.9639,9.99999000001e-07
32,rd,215640498885.259,9.99999000001e-07
1056,fa,38298.6016709114,9.99999000001e-07
122,volume_mm3,3406.06006914338,9.99999000001e-07
144,adc,89475051098.8897,9.99999000001e-07
46,fa,5289.54383880951,0.0114409885590114
1119,adc,13115515609.8027,9.99999000001e-07
1162,fa,7997.0393781635,9.99999000001e-07
67,rd,3757121118.94645,9.99999000001e-07
1078,rd,9239692250.87399,1.999998000002e-05
1097,volume_mm3,5844.31212538394,9.99999000001e-07
157,volume_mm3,405.738183659006,9.99999000001e-07
1048,adc,5713775101.97457,0.0001059998940001
1133,volume_mm3,24.4001658954561,0.0002429997570002
1113,rd,524298506985.726,9.99999000001e-07
1092,fa,10262.8547365866,9.99999000001e-07
38,adc,31476843264.9482,9.99999000001e-07
81,fa,50478.3674421994,9.99999000001e-07
1013,adc,6410260825.65548,9.99999000001e-07
138,rd,4065876401.2892,0.0007439992560007
1021,fa,3597.9201783017,5.999994000006e-06
17,volume_mm3,19.1949404611314,3.999996000004e-06
1084,adc,25965116656.8882,9.99999000001e-07
103,rd,91496185844.303,9.99999000001e-07
1149,rd,788005784.214755,1.999998000002e-06
152,fa,8583.47366916582,9.99999000001e-07
116,fa,21160.1004373624,9.99999000001e-07
1027,volume_mm3,3.12430595047427,1.999998000002e-05
9,fa,6242.93161905282,9.99999000001e-07
88,volume_mm3,1644.23773093856,9.99999000001e-07
3,adc,35384877083.7104,9.99999000001e-07
1128,fa,5847.12174998538,9.99999000001e-07
1155,adc,2150544300.82418,1.3999986000014e-05
52,volume_mm3,750.64356981345,9.99999000001e-07
1063,volume_mm3,0.759360217903413,1.1999988000012e-05
1044,rd,43869891252.471,9.99999000001e-07
74,adc,3976413793.10525,9.99999000001e-07
109,adc,16429524830.1014,9.99999000001e-07
47,fa,16968.9176758133,9.99999000001e-07
1120,adc,622635714.894994,9.99999000001e-07
1008,rd,42347128253.0814,9.99999000001e-07
145,adc,93164218708.1841,9.99999000001e-07
33,rd,3346436081.07892,0.0238419761580238
123,volume_mm3,94.1524818562878,5.7999942000058e-05
1057,fa,36885.7412219227,9.99999000001e-07
1079,rd,67214805110.7212,9.99999000001e-07
68,rd,66211552510.7654,9.99999000001e-07
1163,fa,5284.48234685066,9.99999000001e-07
158,volume_mm3,120129.55650516,9.99999000001e-07
1098,volume_mm3,23548.0131508086,9.99999000001e-07
1093,fa,2431.69050168404,2.8999971000029e-05
1134,volume_mm3,746.10664774962,9.99999000001e-07
39,adc,44994882754.4732,9.99999000001e-07
1114,rd,11696852895.0247,5.6999943000057e-05
1049,adc,23261938655.112,9.99999000001e-07
82,fa,7607.21006060346,6.999993000007e-06
1014,adc,117481092237.568,9.99999000001e-07
139,rd,48821828660.8812,9.99999000001e-07
153,fa,1375.17050430332,0.0001709998290001
1022,fa,2059.76645271132,0.0002079997920002
18,volume_mm3,583.548282021803,0.0002669997330002
1085,adc,21617631122.2225,9.99999000001e-07
1150,rd,32268654211.6726,9.99999000001e-07
104,rd,40386055986.6268,0.0017169982830017
117,fa,6653.73772800794,9.99999000001e-07
1028,volume_mm3,2.25849331019958,1.999998000002e-05
10,fa,7565.4799699423,7.999992000008e-06
89,volume_mm3,0.463578157416514,9.99999000001e-07
4,adc,3647136291.98399,6.1999938000062e-05
53,volume_mm3,5.47753479540601,2.0999979000021e-05
1121,adc,10556240469.6176,9.99999000001e-07
1129,fa,15762.6182624222,9.99999000001e-07
1156,adc,28971750397.236,9.99999000001e-07
1045,rd,85932356996.2617,9.99999000001e-07
110,adc,36410653750.4558,9.99999000001e-07
1064,volume_mm3,0.0052496568929489,0.0072939927060072
75,adc,39565793201.0508,1.1999988000012e-05
48,fa,1042.72989925106,9.99999000001e-07
34,rd,19622123867.8674,7.999992000008e-06
1009,rd,6537282048.72441,9.99999000001e-07
124,volume_mm3,1191.19099425163,9.99999000001e-07
146,adc,129272042794.187,9.99999000001e-07
1080,rd,5223164695.1945,0.0001239998760001
1058,fa,585.193915332299,9.4999905000095e-05
1050,adc,96794062877.9146,9.99999000001e-07
69,rd,90316132576.6939,9.99999000001e-07
1094,fa,4540.50810242546,1.999998000002e-06
1164,fa,491.075964159831,0.0002069997930002
1099,volume_mm3,3.35730332168231,1.7999982000018e-05
159,volume_mm3,64796.8885119499,9.99999000001e-07
40,adc,8300722768.23204,9.99999000001e-07
1135,volume_mm3,27.4744577395304,9.99999000001e-07
1115,rd,213124716259.528,9.99999000001e-07
83,fa,20360.7668987083,9.99999000001e-07
1015,adc,12320575894.1077,9.99999000001e-07
140,rd,11454808359.2474,9.99999000001e-07
1023,fa,1591.40048596414,0.0001219998780001
154,fa,3622.71180971867,9.99999000001e-07
19,volume_mm3,0.365095934539354,7.999992000008e-06
1151,rd,55044591969.0549,9.99999000001e-07
1086,adc,4081830972.82629,9.99999000001e-07
105,rd,151383620026.749,9.99999000001e-07
118,fa,3067.31463200487,9.99999000001e-07
1029,volume_mm3,8.5581398366725,2.999997000003e-06
11,fa,2599.52118878336,9.99999000001e-07
90,volume_mm3,4055.33936592971,9.99999000001e-07
5,adc,8084136794.08175,8.999991000009e-06
54,volume_mm3,739.328394047705,9.99999000001e-07
1157,adc,33908139069.8815,0.0003369996630003
1130,fa,2556.53465167625,2.999997000003e-06
1122,adc,14860755669.2764,4.999995000005e-06
1046,rd,57703548345.0402,9.99999000001e-07
111,adc,268014952131.181,9.99999000001e-07
1065,volume_mm3,0.15730136461711,0.0477129522870477
1051,adc,3979032527.18257,0.0004509995490004
35,rd,7749031220.40861,0.0001729998270001
1010,rd,23858619069.7975,6.5999934000066e-05
76,adc,68483883005.9835,9.99999000001e-07
49,fa,1074.76751831665,9.99999000001e-07
125,volume_mm3,60.5941944055301,0.0112699887300113
1059,fa,3279.22070866291,9.99999000001e-07
1081,rd,102014862624.326,9.99999000001e-07
1095,fa,1941.46227972448,1.6999983000017e-05
147,adc,47466799696.8496,9.99999000001e-07
70,rd,22836773605.1229,9.99999000001e-07
1100,volume_mm3,21.2586689333428,0.0120679879320121
160,volume_mm3,677.860205182135,1.999998000002e-06
1165,fa,2574.3537046662,3.1999968000032e-05
1136,volume_mm3,5530.50765003778,9.99999000001e-07
41,adc,11365264390.1271,1.999998000002e-06
1116,rd,121429183484.334,9.99999000001e-07
1016,adc,9118950767.54268,5.999994000006e-06
84,fa,3656.06998621289,9.99999000001e-07
1024,fa,24093.5684670388,9.99999000001e-07
141,rd,59660855557.6513,9.99999000001e-07
155,fa,11338.8656567189,9.99999000001e-07
1152,rd,400662306.478227,9.99999000001e-07
106,rd,58513394667.7192,9.99999000001e-07
20,volume_mm3,1.77684418327472,0.0001039998960001
1087,adc,135724581707.562,9.99999000001e-07
119,fa,1567.40944493461,9.99999000001e-07
1030,volume_mm3,10830.292029441,9.99999000001e-07
12,fa,15599.4491553562,9.99999000001e-07
91,volume_mm3,0.0228514256357733,0.0015669984330015
6,adc,1896368778.76614,0.0001689998310001
55,volume_mm3,197.136767112461,9.99999000001e-07
1158,adc,6712389515.60658,4.3999956000044e-05
1123,adc,6753159879.99872,9.99999000001e-07
1131,fa,7952.68312150679,9.99999000001e-07
1011,rd,11704366608.9096,5.999994000006e-06
112,adc,94436843143.9721,9.99999000001e-07
1066,volume_mm3,5.94289052885196,0.001057998942001
1052,adc,8546598447.49804,9.99999000001e-07
126,volume_mm3,131.090867982944,0.0089459910540089
1047,rd,2809822313.13705,1.5999984000016e-05
77,adc,52446773573.3603,9.99999000001e-07
1082,rd,25240555683.18,9.99999000001e-07
36,rd,65389521830.0619,9.99999000001e-07
1117,rd,124896588830.474,9.99999000001e-07
50,fa,4141.58252697985,9.99999000001e-07
1060,fa,1547.11103104883,0.0007499992500007
1096,fa,3374.41540302739,9.99999000001e-07
1166,fa,8155.98756817565,8.3999916000084e-05
148,adc,1257731740.24809,9.99999000001e-07
161,volume_mm3,105.141514886507,9.99999000001e-07
1137,volume_mm3,1863.97994521147,9.99999000001e-07
42,adc,3629727077.66917,0.0007059992940007
1101,volume_mm3,12135.918574394,9.99999000001e-07
71,rd,4830292673.45619,5.999994000006e-05
1025,fa,24307.3787237255,9.99999000001e-07
85,fa,38265.9101946411,9.99999000001e-07
1017,adc,25125735714.2396,9.99999000001e-07
1153,rd,48760965086.3739,9.99999000001e-07
142,rd,108864370082.369,9.99999000001e-07
156,fa,8563.97793772413,9.99999000001e-07
107,rd,127961924026.952,9.99999000001e-07
21,volume_mm3,10.9531628591317,3.6999963000037e-05
1088,adc,27434020080.8917,9.99999000001e-07
120,fa,1915.96629300731,0.0001899998100001
1031,volume_mm3,668.390152952985,9.99999000001e-07
13,fa,2135.94762327564,9.99999000001e-07
92,volume_mm3,6875.4010357722,9.99999000001e-07
7,adc,26525826578.847,9.99999000001e-07
56,volume_mm3,3034.75345491095,0.0023409976590023
1083,rd,13580311693.337,9.99999000001e-07
1012,rd,6437323360.64784,0.0025279974720025
1124,adc,4398546945.5711,9.99999000001e-07
1048,rd,6315050776.51473,0.0001049998950001
1159,adc,4818134942.1134,9.99999000001e-07
1053,adc,5572277895.13472,9.99999000001e-07
1132,fa,1705.34984337169,9.99999000001e-07
1118,rd,1306047883.65148,0.0001849998150001
127,volume_mm3,2.70937046913829,0.0829289170710829
113,adc,40907011748.3593,1.999998000002e-06
1067,volume_mm3,723.773767778753,9.99999000001e-07
1061,fa,6259.06091085374,2.999997000003e-06
78,adc,9665500259.36851,9.99999000001e-07
51,fa,35388.4040044777,1.1999988000012e-05
37,rd,12176785613.8308,1.1999988000012e-05
1097,fa,17345.0285123126,9.99999000001e-07
1,rd,35334952925.3683,9.99999000001e-07
1138,volume_mm3,40374.072272507,9.99999000001e-07
1026,fa,6838.88632238429,9.99999000001e-07
1018,adc,5184023386.92456,1.999998000002e-06
162,volume_mm3,1427.65483505181,9.99999000001e-07
149,adc,27468986501.7759,9.99999000001e-07
43,adc,6484693110.66881,9.99999000001e-07
1102,volume_mm3,39349.0844151328,9.99999000001e-07
72,rd,44354619916.3664,9.99999000001e-07
86,fa,11356.2446387206,9.99999000001e-07
143,rd,24017159901.758,9.99999000001e-07
157,fa,12748.8627937499,9.99999000001e-07
1154,rd,9329881303.74472,9.99999000001e-07
108,rd,588252377.140285,1.7999982000018e-05
22,volume_mm3,2648.05489403989,9.99999000001e-07
1089,adc,4793057465.9107,9.99999000001e-07
121,fa,8892.76295048954,9.99999000001e-07
1032,volume_mm3,5.68161987620032,9.99999000001e-07
14,fa,46947.8566462146,9.99999000001e-07
8,adc,10359830227.3725,9.99999000001e-07
93,volume_mm3,5420.30483944383,9.99999000001e-07
57,volume_mm3,0.0006947938417356,3.8999961000039e-05
1119,rd,19432125402.2065,9.99999000001e-07
1049,rd,26083619456.6554,9.99999000001e-07
128,volume_mm3,256168.737959059,1.999998000002e-06
1084,rd,19801522988.9743,9.99999000001e-07
1013,rd,8792212016.8367,9.99999000001e-07
1160,adc,8934827998.45753,6.4999935000065e-05
1054,adc,2297162285.9698,1.1999988000012e-05
1125,adc,52299874105.107,9.99999000001e-07
1133,fa,2251.17913793837,0.0001299998700001
1062,fa,9028.67142630965,3.999996000004e-06
114,adc,76577935778.6619,9.99999000001e-07
1068,volume_mm3,153.433466942447,9.99999000001e-07
52,fa,7373.29396257382,9.99999000001e-07
1139,volume_mm3,25457.7910546245,9.99999000001e-07
1098,fa,40540.594200972,9.99999000001e-07
79,adc,812193642.226253,0.0147559852440148
1027,fa,6412.16991986379,1.999998000002e-06
38,rd,52384091210.9471,9.99999000001e-07
163,volume_mm3,215.276448474799,9.99999000001e-07
1019,adc,10443080248.7272,9.99999000001e-07
44,adc,818940314.983171,3.7999962000038e-05
2,rd,14892660496.0858,9.99999000001e-07
87,fa,7574.9146910705,9.99999000001e-07
150,adc,15870581103.4603,9.99999000001e-07
1103,volume_mm3,6981.50951761193,3.999996000004e-06
73,rd,15045571963.6602,9.99999000001e-07
158,fa,27013.8549197013,9.99999000001e-07
144,rd,203715331159.019,9.99999000001e-07
1155,rd,2833493403.0288,1.3999986000014e-05
109,rd,18601308929.8961,9.99999000001e-07
1090,adc,9627542876.49705,9.99999000001e-07
23,volume_mm3,100523.351673903,9.99999000001e-07
122,fa,6467.46490749843,9.99999000001e-07
1033,volume_mm3,0.136303085510344,0.911591088408912
15,fa,10278.4413127606,9.99999000001e-07
9,adc,13068807116.556,1.999998000002e-06
58,volume_mm3,18375.1165409339,9.99999000001e-07
1085,rd,25206656940.5709,9.99999000001e-07
94,volume_mm3,100476.950461205,9.99999000001e-07
1120,rd,1067174842.02443,9.99999000001e-07
1050,rd,439978285163.773,9.99999000001e-07
1014,rd,72087235055.1505,9.99999000001e-07
129,volume_mm3,2712.74524795293,9.99999000001e-07
1161,adc,31812730.5407448,3.999996000004e-06
1055,adc,11732454957.6377,3.999996000004e-06
1069,volume_mm3,18.4459338716338,9.99999000001e-07
115,adc,29140773256.9906,2.999997000003e-06
1126,adc,13838342032.7459,9.99999000001e-07
1063,fa,1206.17615913658,1.999998000002e-06
53,fa,3570.45588797397,2.3999976000024e-05
1140,volume_mm3,67.2446066063569,9.99999000001e-07
1134,fa,2039.3477396104,9.99999000001e-07
1099,fa,6258.38475562152,5.5999944000056e-05
1028,fa,3855.98919033534,1.999998000002e-06
45,adc,9493805052.19283,9.99999000001e-07
39,rd,61854534371.565,9.99999000001e-07
80,adc,1134124531.9886,0.128094871905128
1020,adc,8969037603.97068,2.6999973000027e-05
164,volume_mm3,20457.4225767697,9.99999000001e-07
88,fa,5526.0092169935,9.99999000001e-07
3,rd,48953235985.9837,9.99999000001e-07
151,adc,115302476077.986,9.99999000001e-07
1104,volume_mm3,1.55514298107345,0.0041409958590041
159,fa,1363.50859918282,9.99999000001e-07
1156,rd,18295845866.0051,9.99999000001e-07
74,rd,4568783112.28697,9.99999000001e-07
24,volume_mm3,2471.10793231261,9.99999000001e-07
145,rd,133273646794.439,9.99999000001e-07
110,rd,42328197269.1896,9.99999000001e-07
1091,adc,56189545724.6915,9.99999000001e-07
123,fa,2459.95295387406,2.1999978000022e-05
1034,volume_mm3,30.1793867143854,9.99999000001e-07
16,fa,1676.74233213626,0.0524319475680524
1121,rd,14525277654.3154,9.99999000001e-07
10,adc,16810743881.2181,8.999991000009e-06
1015,rd,14549447337.7235,9.99999000001e-07
1086,rd,5923880330.06995,9.99999000001e-07
59,volume_mm3,0.790689001012543,2.999997000003e-06
1051,rd,3714351732.40687,0.0004519995480004
95,volume_mm3,7.49101988625356,0.0395619604380396
130,volume_mm3,4872.71149066356,4.6999953000047e-05
1056,adc,20503920931.38,9.99999000001e-07
1100,fa,4341.96316493321,0.0114589885410115
1162,adc,98013783282.2611,9.99999000001e-07
1029,fa,2251.71379484921,9.99999000001e-07
1064,fa,7568.48699559792,3.8999961000039e-05
1127,adc,231452098853.93,9.99999000001e-07
1070,volume_mm3,608.796570035917,9.99999000001e-07
116,adc,67347298670.7901,9.99999000001e-07
54,fa,222524.21887341,9.99999000001e-07
1135,fa,3130.16361639162,9.99999000001e-07
1141,volume_mm3,187.034744576652,9.99999000001e-07
46,adc,4605641049.24916,0.0108559891440109
1021,adc,5380296421.78157,6.999993000007e-06
81,adc,36415976160.8033,9.99999000001e-07
89,fa,2580.85706547262,1.999998000002e-06
165,volume_mm3,208312.248901192,9.99999000001e-07
40,rd,10438236351.2462,9.99999000001e-07
4,rd,4826175865.40727,6.1999938000062e-05
160,fa,4004.03838948295,2.999997000003e-06
152,adc,761102154.655495,9.99999000001e-07
1157,rd,28201147466.6471,0.0003369996630003
1105,volume_mm3,142.501750939762,0.0014929985070014
146,rd,111476707832.366,9.99999000001e-07
25,volume_mm3,0.520401154875996,2.1999978000022e-05
111,rd,126379565458.412,9.99999000001e-07
75,rd,39343690420.9612,1.1999988000012e-05
124,fa,2929.60291253809,9.99999000001e-07
1092,adc,92540156604.7377,9.99999000001e-07
1035,volume_mm3,407.972672626397,2.999997000003e-06
17,fa,1760.39895688807,2.999997000003e-06
1122,rd,18863251163.526,4.999995000005e-06
11,adc,6779220680.49598,9.99999000001e-07
1087,rd,98437900754.1467,9.99999000001e-07
1016,rd,9761044348.39945,5.999994000006e-06
60,volume_mm3,2.69733784531498,9.99999000001e-07
1052,rd,12890971035.6916,9.99999000001e-07
96,volume_mm3,5440.55488650156,9.99999000001e-07
131,volume_mm3,192632.455331037,1.999998000002e-06
1101,fa,4717.98730622339,9.99999000001e-07
1057,adc,32299229649.9316,9.99999000001e-07
1030,fa,18344.9634252951,9.99999000001e-07
1163,adc,23350617411.1251,9.99999000001e-07
1065,fa,1698.34809289992,0.0004259995740004
1071,volume_mm3,3924.20623391318,2.999997000003e-06
117,adc,71693334875.2691,9.99999000001e-07
1128,adc,102340123657.296,9.99999000001e-07
1136,fa,10337.1909372882,9.99999000001e-07
82,adc,10905370451.6642,9.99999000001e-06
1142,volume_mm3,6550.18018316441,9.99999000001e-07
47,adc,92075512385.5453,9.99999000001e-07
55,fa,17893.5397407811,9.99999000001e-07
90,fa,10294.8808052894,9.99999000001e-07
1022,adc,1507880530.46299,0.0002109997890002
166,volume_mm3,388.487377205166,1.999998000002e-06
41,rd,35343402048.1888,1.999998000002e-06
1158,rd,9150053142.47064,4.3999956000044e-05
5,rd,10029381490.7202,8.999991000009e-06
147,rd,15948079416.3247,9.99999000001e-07
153,adc,8672893441.47255,0.0001559998440001
1106,volume_mm3,305.364427579101,0.0077769922230077
161,fa,8715.07655295208,9.99999000001e-07
112,rd,106308911244.706,9.99999000001e-07
26,volume_mm3,1445.9215996687,9.99999000001e-07
76,rd,73632634497.4378,9.99999000001e-07
125,fa,327.274419691589,0.0108109891890108
1093,adc,12205563792.4303,2.4999975000025e-05
1036,volume_mm3,193.35249662849,9.99999000001e-07
18,fa,3087.99976339805,0.0002579997420002
1123,rd,11538009378.6336,9.99999000001e-07
97,volume_mm3,23521.418528931,9.99999000001e-07
1088,rd,16043598602.1118,9.99999000001e-07
1017,rd,23296375399.3839,9.99999000001e-07
132,volume_mm3,9407.30599311004,9.99999000001e-07
1053,rd,8387880603.88571,9.99999000001e-07
12,adc,55319519099.8309,9.99999000001e-07
61,volume_mm3,4327.59992717939,9.99999000001e-07
1102,fa,5559.50664466355,9.99999000001e-07
1164,adc,13348689342.0153,0.0002229997770002
1058,adc,1264899978.59944,0.0001099998900001
1031,fa,18121.5602279474,9.99999000001e-07
1129,adc,29740450949.5845,9.99999000001e-07
48,adc,8569663006.19512,9.99999000001e-07
1072,volume_mm3,0.0993978720552249,0.165701834298166
1066,fa,30444.6219591743,1.4999985000015e-05
1143,volume_mm3,73.106391529631,9.99999000001e-07
118,adc,11045882042.9216,9.99999000001e-07
83,adc,52072364703.2868,9.99999000001e-07
56,fa,3175.4051716926,0.0024269975730024
1137,fa,1449.66936109547,9.99999000001e-07
1023,adc,1897579616.07077,9.3999906000094e-05
91,fa,96851.708774437,9.99999000001e-07
42,rd,3558472423.38251,0.0007059992940007
1001,volume_mm3,35.6914173651424,9.99999000001e-07
1159,rd,5189150112.53667,9.99999000001e-07
162,fa,60471.8323029662,9.99999000001e-07
154,adc,2255555350.81484,9.99999000001e-07
148,rd,1333649117.0774,9.99999000001e-07
6,rd,1996843149.30824,0.0001689998310001
1107,volume_mm3,26.2840239810205,0.212159787840212
113,rd,45741174398.8589,1.999998000002e-06
27,volume_mm3,10.5378234816563,9.99999000001e-07
77,rd,67054822742.3179,9.99999000001e-07
1094,adc,43580592889.1573,9.99999000001e-07
126,fa,294.09349767438,0.0042059957940042
1037,volume_mm3,3.46237750532867,2.999997000003e-06
19,fa,3261.740163092,9.99999000001e-07
1018,rd,5677441529.84498,1.999998000002e-06
1124,rd,3655968380.80197,9.99999000001e-07
98,volume_mm3,6981.83151501336,9.99999000001e-07
1089,rd,7305050889.98694,9.99999000001e-07
133,volume_mm3,47.8391913811374,9.99999000001e-07
1054,rd,2424248184.03275,1.1999988000012e-05
13,adc,43941039900.0936,9.99999000001e-07
62,volume_mm3,0.744573617776283,1.3999986000014e-05
1103,fa,17212.7890255528,1.999998000002e-06
1059,adc,2616067755.07914,1.999998000002e-06
1032,fa,36238.9539240759,9.99999000001e-07
1165,adc,13786410261.4991,3.2999967000033e-05
1130,adc,15228690691.4922,1.999998000002e-06
49,adc,5488140171.30392,9.99999000001e-07
1024,adc,54373810195.2684,9.99999000001e-07
1067,fa,5608.23664756687,9.99999000001e-07
1073,volume_mm3,27.9745217009,9.99999000001e-07
92,fa,27949.0965669073,9.99999000001e-07
1144,volume_mm3,262.13513741618,1.999998000002e-06
84,adc,24971726007.0721,1.999998000002e-06
57,fa,2903.28970697239,2.999997000003e-06
1002,volume_mm3,3.07593870003762,0.0001219998780001
1160,rd,6774508452.65255,6.4999935000065e-05
119,adc,1326127556.7939,9.99999000001e-07
1138,fa,2190.93611276386,9.99999000001e-07
43,rd,7970708984.24324,9.99999000001e-07
149,rd,19030169409.3013,9.99999000001e-07
163,fa,3128.22905160017,9.99999000001e-07
155,adc,16828536645.387,9.99999000001e-07
114,rd,46356842133.2355,9.99999000001e-07
7,rd,19436192975.3548,9.99999000001e-07
1108,volume_mm3,457180.256269388,1.999998000002e-06
28,volume_mm3,11.686640986505,9.99999000001e-07
1095,adc,19608201119.745,2.4999975000025e-05
127,fa,2477.13050941442,0.047002952997047
78,rd,14191408021.1588,9.99999000001e-07
1038,volume_mm3,64.5770096292415,9.99999000001e-07
20,fa,5068.51104047776,9.99999000001e-06
1019,rd,10532939530.3286,9.99999000001e-07
1125,rd,77489987519.8341,9.99999000001e-07
99,volume_mm3,1.2331138995464,0.0036709963290036
1090,rd,8610817542.5442,9.99999000001e-07
134,volume_mm3,3725.32976776822,9.99999000001e-07
1055,rd,27233100408.5457,3.999996000004e-06
63,volume_mm3,15.3388378820254,9.99999000001e-07
14,adc,119269688659.645,9.99999000001e-07
1104,fa,16458.0877038987,4.999995000005e-06
1060,adc,2359772239.38819,0.0006039993960006
1033,fa,2769.67454873599,0.440545559454441
150,rd,14777972117.0252,9.99999000001e-07
1131,adc,24619922390.9712,9.99999000001e-07
1025,adc,29544860321.876,9.99999000001e-07
1166,adc,9684746215.24251,9.0999909000091e-05
50,adc,31820380578.1891,9.99999000001e-07
93,fa,27993.8115063922,9.99999000001e-07
1068,fa,33701.8659892005,9.99999000001e-07
1161,rd,38226759.5829697,3.999996000004e-06
1003,volume_mm3,50.2306472433617,0.0001039998960001
85,adc,85557990416.2087,9.99999000001e-07
1145,volume_mm3,1131.02627767197,9.99999000001e-07
1074,volume_mm3,4092.94607272025,9.99999000001e-07
1139,fa,409.792480359099,9.99999000001e-07
58,fa,8346.67141978829,9.99999000001e-07
120,adc,2389075390.79145,0.0001409998590001
44,rd,1357051590.13294,3.7999962000038e-05
156,adc,33231804541.9709,9.99999000001e-07
164,fa,2539.73838109553,1.999998000002e-06
115,rd,33359505125.3493,2.999997000003e-06
29,volume_mm3,87.2969645744944,9.99999000001e-07
1096,adc,56924345462.3875,9.99999000001e-07
8,rd,9854636954.36443,9.99999000001e-07
1109,volume_mm3,28.3044934562193,0.014960985039015
79,rd,1129152070.74515,0.0147609852390148
128,fa,1406.3794470372,2.999997000003e-06
1039,volume_mm3,14.4385193469406,0.0001029998970001
21,fa,1955.95863585713,2.999997000003e-06
1020,rd,7264339417.62429,2.6999973000027e-05
1126,rd,20179161082.9599,9.99999000001e-07
100,volume_mm3,4.11788918708083,0.0017279982720017
1091,rd,59036084293.5198,9.99999000001e-07
135,volume_mm3,11.1931643499993,9.99999000001e-07
1056,rd,23453354801.6314,9.99999000001e-07
64,volume_mm3,0.0038346379004736,0.0005489994510005
15,adc,22996432616.1746,9.99999000001e-07
1061,adc,25154832246.2245,1.999998000002e-06
1105,fa,2572.74865244204,0.0019819980180019
151,rd,234510305088.604,9.99999000001e-07
1034,fa,13312.9102369224,9.99999000001e-07
51,adc,29142776281.1817,8.999991000009e-06
1026,adc,13801115034.6714,9.99999000001e-07
1132,adc,26212425472.5421,9.99999000001e-07
1004,volume_mm3,5024.77034425942,9.99999000001e-07
1162,rd,103967061151.314,9.99999000001e-07
1069,fa,21779.5219113047,9.99999000001e-07
86,adc,23570922520.431,9.99999000001e-07
94,fa,13465.1619177914,9.99999000001e-07
1075,volume_mm3,202.599490682856,0.0679369320630679
1140,fa,7334.99700281984,9.99999000001e-07
1146,volume_mm3,5528.74463994571,9.99999000001e-07
116,rd,78180848706.0358,9.99999000001e-07
59,fa,8041.64851858588,9.99999000001e-07
165,fa,14414.8745825523,9.99999000001e-07
121,adc,17639881918.5266,9.99999000001e-07
45,rd,10721783408.8571,9.99999000001e-07
157,adc,23808160513.8556,9.99999000001e-07
1097,adc,130390563974.288,9.99999000001e-07
30,volume_mm3,2389.72851406123,0.0009679990320009
9,rd,31157399425.2567,1.999998000002e-06
80,rd,934218805.907752,0.128094871905128
1110,volume_mm3,128.18951458613,0.0019659980340019
129,fa,8286.84297554757,9.99999000001e-07
1040,volume_mm3,116.885342409785,9.99999000001e-07
22,fa,43723.9485504419,9.99999000001e-07
1021,rd,12305887908.0003,6.999993000007e-06
1127,rd,629772226055.654,9.99999000001e-07
1092,rd,69051180303.9204,9.99999000001e-07
101,volume_mm3,7015.44237882663,9.99999000001e-07
136,volume_mm3,45.3297151921486,0.0036289963710036
65,volume_mm3,0.476127381277952,9.99999000001e-07
1057,rd,47590119225.3649,9.99999000001e-07
1062,adc,4669060732.67764,9.99999000001e-07
152,rd,808197760.035749,9.99999000001e-07
1106,fa,1645.94802427908,0.007007992992007
1005,volume_mm3,9.2548438081044,9.99999000001e-07
16,adc,2323737287.48794,0.0534639465360535
52,adc,14093566049.1038,1.999998000002e-06
1035,fa,6963.16456154916,3.999996000004e-06
1027,adc,17431866465.043,9.99999000001e-07
1133,adc,1459062943.26246,0.0001479998520001
1070,fa,18061.9297416252,9.99999000001e-07
1163,rd,26553827991.3402,9.99999000001e-07
87,adc,58450533039.696,9.99999000001e-07
95,fa,262.806839025606,0.0310619689380311
1076,volume_mm3,36.534892481982,2.999997000003e-06
1141,fa,1212.80350584855,9.99999000001e-07
117,rd,61546860972.3906,9.99999000001e-07
60,fa,1943.53843121842,9.99999000001e-07
166,fa,20110.774194007,9.99999000001e-07
1147,volume_mm3,0.108890807132967,1.3999986000014e-05
122,adc,14943491835.3027,9.99999000001e-07
46,rd,5829404093.41695,0.0108559891440109
158,adc,94885111138.9489,9.99999000001e-07
1098,adc,229993544929.261,9.99999000001e-07
31,volume_mm3,1938.72488994353,9.99999000001e-07
81,rd,55609361891.1788,9.99999000001e-07
10,rd,11178219426.2889,8.999991000009e-06
130,fa,371.902845112891,6.7999932000068e-05
1111,volume_mm3,1340.73155388445,3.999996000004e-06
1041,volume_mm3,333.349085115932,9.99999000001e-07
23,fa,29609.112312874,9.99999000001e-07
1022,rd,1507901279.38304,0.0002109997890002
1128,rd,98836200959.0382,9.99999000001e-07
1093,rd,20131470317.1083,2.4999975000025e-05
102,volume_mm3,102394.783911155,9.99999000001e-07
137,volume_mm3,8816.72301155628,9.99999000001e-07
66,volume_mm3,7.21360078693969,9.99999000001e-07
1107,fa,1938.3977214194,0.185941814058186
153,rd,7564140731.1239,0.0001559998440001
1058,rd,1538166316.28129,0.0001099998900001
1063,adc,1824247064.57399,9.99999000001e-07
1006,volume_mm3,815.691584800113,9.99999000001e-07
53,adc,15449488902.1137,1.999998000002e-05
1036,fa,33138.4259703722,9.99999000001e-07
1028,adc,6347423667.39539,9.99999000001e-07
17,adc,24126381970.0467,2.999997000003e-06
1134,adc,3697746986.78874,9.99999000001e-07
1164,rd,4558382998.8685,0.0002229997770002
1071,fa,2968.05981176189,3.999996000004e-06
88,adc,69642379564.2613,9.99999000001e-07
96,fa,11726.1592441259,9.99999000001e-07
1148,volume_mm3,8.17635518383589,9.99999000001e-07
1001,fa,29167.0217738319,9.99999000001e-07
118,rd,14567617716.3644,9.99999000001e-07
1142,fa,18445.0623315204,9.99999000001e-07
1077,volume_mm3,42.5952119627298,9.99999000001e-07
61,fa,9897.60745708314,9.99999000001e-07
47,rd,83013959590.5565,9.99999000001e-07
123,adc,4318378120.42087,2.2999977000023e-05
159,adc,7670211827.06088,9.99999000001e-07
82,rd,15006661568.8373,9.99999000001e-06
1099,adc,34109154985.2598,5.6999943000057e-05
32,volume_mm3,37.5190669283286,9.99999000001e-07
11,rd,5501141246.84263,9.99999000001e-07
131,fa,2951.68478438799,3.999996000004e-06
1042,volume_mm3,34.7327779797048,9.99999000001e-07
1112,volume_mm3,21.1185475009265,5.8999941000059e-05
24,fa,38812.0349497711,9.99999000001e-07
1023,rd,1841677434.49433,9.3999906000094e-05
1129,rd,102547068838.504,9.99999000001e-07
1094,rd,27754447886.6813,9.99999000001e-07
138,volume_mm3,4805.61007923226,0.0007469992530007
103,volume_mm3,9954.49680077083,9.99999000001e-07
1007,volume_mm3,124.701488674674,9.99999000001e-07
1059,rd,4849325466.81744,1.999998000002e-06
154,rd,2407093302.19655,9.99999000001e-07
67,volume_mm3,430.770764163089,9.99999000001e-07
1108,fa,2223.5062951869,1.999998000002e-06
1064,adc,9461374763.3216,5.1999948000052e-05
54,adc,17652138765.9088,9.99999000001e-07
1029,adc,10265024120.501,9.99999000001e-07
18,adc,1744209669.8024,0.0002509997490002
1037,fa,16878.6365642933,9.99999000001e-07
1072,fa,3411.68778528292,0.134873865126135
1165,rd,18270624518.4523,3.2999967000033e-05
97,fa,67096.001207512,9.99999000001e-07
1135,adc,13351596777.1511,9.99999000001e-07
1149,volume_mm3,19.8317002007665,7.999992000008e-06
1002,fa,841.451032639573,2.999997000003e-06
89,adc,3263702853.70206,2.999997000003e-06
119,rd,2535708834.14616,9.99999000001e-07
1143,fa,2180.55510372422,9.99999000001e-07
62,fa,7003.28284443808,1.999998000002e-06
1078,volume_mm3,8.70105744626295,4.999995000005e-06
124,adc,9613816860.45098,9.99999000001e-07
48,rd,11843860918.3983,9.99999000001e-07
1100,adc,7240735358.2594,0.0114019885980114
83,rd,41490859305.6976,9.99999000001e-07
160,adc,26934562165.6799,9.99999000001e-07
1043,volume_mm3,9318.06302267166,9.99999000001e-07
33,volume_mm3,0.208266632522287,0.0065979934020066
132,fa,2106.19382955711,9.99999000001e-07
12,rd,39704903008.3068,9.99999000001e-07
1113,volume_mm3,194.680087412508,9.99999000001e-07
25,fa,17052.5434568109,9.99999000001e-07
1024,rd,34800265164.2151,9.99999000001e-07
1130,rd,24650190008.1803,1.999998000002e-06
1095,rd,16105425741.2119,2.4999975000025e-05
104,volume_mm3,1.84576174178334,0.0590519409480591
139,volume_mm3,172944.45700018,9.99999000001e-07
1008,volume_mm3,28.270390824414,9.99999000001e-07
68,volume_mm3,145.666881367864,9.99999000001e-07
1109,fa,12679.8617830049,2.999997000003e-06
155,rd,22150731618.0724,9.99999000001e-07
1065,adc,2498329161.65995,0.0004489995510004
55,adc,51327593119.0077,9.99999000001e-07
1060,rd,5741357848.884,0.0006039993960006
1073,fa,115341.247010085,9.99999000001e-07
1030,adc,15666528453.1944,9.99999000001e-07
1038,fa,12667.6399928755,9.99999000001e-07
19,adc,10650575326.3445,9.99999000001e-07
98,fa,12366.9731364037,9.99999000001e-07
1166,rd,12226005673.5181,9.0999909000091e-05
1150,volume_mm3,819826.555210124,9.99999000001e-07
120,rd,4381422219.59265,0.0001409998590001
90,adc,2617464251.71488,1.999998000002e-06
1136,adc,25634862041.3564,9.99999000001e-07
1003,fa,24767.0593229734,8.999991000009e-06
63,fa,13208.2499606561,9.99999000001e-07
125,adc,853651305.781204,0.0105669894330106
1079,volume_mm3,35530.3590288431,9.99999000001e-07
1144,fa,9961.2305677728,9.99999000001e-07
49,rd,6291194102.51341,9.99999000001e-07
133,fa,2871.69435459563,9.99999000001e-07
1101,adc,104614567292.991,9.99999000001e-07
84,rd,17798408756.1823,1.999998000002e-06
1044,volume_mm3,53.3588759428165,1.999998000002e-06
161,adc,124147445.183701,9.99999000001e-07
34,volume_mm3,5.56404001748947,6.3999936000064e-05
13,rd,30448006748.7794,9.99999000001e-07
1114,volume_mm3,4.51363727698877,0.0003019996980003
26,fa,247295.836166801,9.99999000001e-07
1025,rd,22356995842.5701,9.99999000001e-07
1131,rd,19003548832.5326,9.99999000001e-07
105,volume_mm3,345.495179016361,9.99999000001e-07
1096,rd,47675283183.9612,9.99999000001e-07
1066,adc,33079809199.4599,1.1999988000012e-05
1110,fa,356.681195574557,0.0025089974910025
1151,volume_mm3,2512.188482989,9.99999000001e-07
1009,volume_mm3,8.44028076807681,1.999998000002e-06
140,volume_mm3,10.0916082367051,9.99999000001e-07
69,volume_mm3,30.6600060939966,9.99999000001e-07
1031,adc,11192712540.1245,9.99999000001e-07
1074,fa,33629.5845992907,9.99999000001e-07
1039,fa,6870.55292519414,2.999997000003e-05
156,rd,24270414641.0187,9.99999000001e-07
1061,rd,21868206397.0204,1.999998000002e-06
56,adc,3328854815.60944,0.0023689976310023
121,rd,23762208637.7253,9.99999000001e-07
1137,adc,11489959026.485,9.99999000001e-07
1004,fa,47872.51343541,9.99999000001e-07
134,fa,9932.20351990651,9.99999000001e-07
99,fa,1455.62198661046,0.0066389933610066
20,adc,28226843594.9036,8.999991000009e-06
1080,volume_mm3,6.23266739610771,0.0003929996070003
126,adc,2805581430.69038,0.0037419962580037
1145,fa,4719.28021672782,9.99999000001e-07
64,fa,11901.1074318137,9.99999000001e-07
91,adc,441834919705.479,9.99999000001e-07
50,rd,154061412546.231,9.99999000001e-07
1102,adc,77398165588.6439,9.99999000001e-07
85,rd,98603653938.0791,9.99999000001e-07
1045,volume_mm3,4312.04111122321,9.99999000001e-07
14,rd,97930910334.3666,9.99999000001e-07
162,adc,702717392564.887,9.99999000001e-07
1115,volume_mm3,183.236116535556,9.99999000001e-07
27,fa,11380.072804797,9.99999000001e-07
1026,rd,10558192156.8531,9.99999000001e-07
1132,rd,18682573918.2668,9.99999000001e-07
1067,adc,6186569300.44888,9.99999000001e-07
1010,volume_mm3,276.827631925155,0.0005169994830005
1075,fa,6462.565169334,0.0681479318520681
70,volume_mm3,201.766086885525,9.99999000001e-07
135,fa,1695.57927415085,9.99999000001e-07
21,adc,4038307354.86781,1.999998000002e-06
127,adc,4869845624.17964,0.0476909523090477
86,rd,45557826507.3051,9.99999000001e-07
15,rd,22924118223.0951,9.99999000001e-07
1116,volume_mm3,1.22337017039698,9.99999000001e-07
28,fa,10072.410522099,9.99999000001e-07
29,fa,20343.994112733,9.99999000001e-07
