m,block_1,block_2,effect_size,model,scalar_same,omni_same,mase_same,scalar_diff,omni_diff,mase_diff,scalar_precision,omni_precision,mase_precision,scalar_f1,omni_f1,mase_f1,scalar_fp,omni_fp,mase_fp,scalar_tp,omni_tp,mase_tp
200,69,1,1,generate_graphs_1,0.0,0.04782608695652173,0.06666666666666667,0.0,1.0,0.08,0.0,1.0,0.01,0.0,0.4244689754689751,0.004567085182887193,0.0,0.047142857142857084,0.06571428571428573,0.0,0.014285714285714256,0.001142857142857143
200,69,1,1,generate_graphs_4,0.0,0.04999999999999999,0.05246376811594202,0.0,0.05,0.04,0.0,0.02,0.0,0.0,0.018190476190476187,0.002038627152988855,0.0,0.04928571428571424,0.05171428571428572,0.0,0.0007142857142857143,0.0005714285714285714
200,68,2,1,generate_graphs_1,0.0,0.05544117647058824,0.13220588235294117,0.0,1.0,0.18,0.0,1.0,0.03,0.0,0.5501158841158835,0.020155178494389546,0.0,0.053857142857142805,0.12842857142857145,0.0,0.02857142857142851,0.0051428571428571435
200,68,2,1,generate_graphs_4,0.0,0.045441176470588235,0.05558823529411765,0.0,0.05,0.05,0.0,0.03,0.045,0.0,0.03383333333333333,0.008807697878702924,0.0,0.04414285714285708,0.054000000000000006,0.0,0.0014285714285714288,0.0014285714285714288
200,67,3,1,generate_graphs_1,0.0,0.04343283582089552,0.1425373134328358,0.0,1.0,0.18666666666666668,0.0,1.0,0.07999999999999996,0.0,0.69857992007992,0.02989062170255051,0.0,0.04157142857142853,0.13642857142857145,0.0,0.042857142857142795,0.007999999999999998
200,67,3,1,generate_graphs_4,0.0,0.052089552238805965,0.041492537313432824,0.0,0.06333333333333334,0.04666666666666667,0.0,0.04666666666666666,0.03666666666666667,0.0,0.05334920634920635,0.008950158093540446,0.0,0.0498571428571428,0.03971428571428571,0.0,0.0027142857142857147,0.002
200,66,4,1,generate_graphs_1,0.0,0.049999999999999996,0.27075757575757575,0.0,1.0,0.39999999999999997,0.0,1.0,0.0725,0.0,0.7233404373404368,0.08411150870136572,0.0,0.04714285714285709,0.25528571428571434,0.0,0.05714285714285702,0.022857142857142843
200,66,4,1,generate_graphs_4,0.0,0.05075757575757576,0.04878787878787878,0.0,0.0775,0.060000000000000005,0.0,0.09,0.0675,0.0,0.07637518037518039,0.011694955973284259,0.0,0.0478571428571428,0.046,0.0,0.004428571428571429,0.0034285714285714293
200,65,5,1,generate_graphs_1,0.0,0.04846153846153846,0.38661538461538464,0.0,1.0,0.548,0.0,1.0,0.10599999999999998,0.0,0.77243601986249,0.12850777087802517,0.0,0.04499999999999995,0.35900000000000015,0.0,0.07142857142857136,0.03914285714285712
200,65,5,1,generate_graphs_4,0.0,0.05,0.05938461538461538,0.0,0.13,0.05,0.0,0.1599999999999999,0.08800000000000002,0.0,0.13515312465312465,0.01520765201495135,0.0,0.0464285714285714,0.05514285714285715,0.0,0.009285714285714279,0.003571428571428572
200,64,6,1,generate_graphs_1,0.0,0.061875,0.5504687500000001,0.0,1.0,0.7566666666666667,0.0,1.0,0.12333333333333327,0.0,0.7641743992087234,0.18547983550159752,0.0,0.056571428571428495,0.5032857142857143,0.0,0.08571428571428559,0.06485714285714278
200,64,6,1,generate_graphs_4,0.0,0.047812499999999994,0.0559375,0.0,0.27166666666666667,0.075,0.0,0.3116666666666667,0.115,0.0,0.2856613255165885,0.02730963274352235,0.0,0.04371428571428568,0.051142857142857136,0.0,0.02328571428571426,0.006428571428571428
200,63,7,1,generate_graphs_1,0.0,0.17158730158730154,0.6420634920634921,0.0,1.0,0.8414285714285714,0.0,1.0,0.18142857142857138,0.0,0.5884738825184959,0.2180192209324559,0.0,0.15442857142857125,0.577857142857143,0.0,0.09999999999999981,0.084142857142857
200,63,7,1,generate_graphs_4,0.0,0.04952380952380951,0.019682539682539687,0.0,0.9185714285714285,0.019999999999999997,0.0,0.9,0.13285714285714287,0.0,0.7720086073197528,0.006333528436250122,0.0,0.04457142857142852,0.017714285714285714,0.0,0.09185714285714269,0.002
200,62,8,1,generate_graphs_1,0.0,0.31580645161290316,0.743225806451613,0.0,1.0,0.945,0.0,1.0,0.19875,0.0,0.4539644150956685,0.2470750214640053,0.0,0.2797142857142856,0.6582857142857144,0.0,0.11428571428571405,0.10799999999999978
200,62,8,1,generate_graphs_4,0.0,0.0446774193548387,0.036935483870967734,0.0,0.99875,0.04,0.0,0.995,0.1175,0.0,0.8585377189389023,0.015566865690427584,0.0,0.03957142857142852,0.03271428571428572,0.0,0.1141428571428569,0.004571428571428571
200,61,9,1,generate_graphs_1,0.0,0.4039344262295082,0.7911475409836066,0.0,1.0,0.9533333333333331,0.0,0.9988888888888888,0.21555555555555533,0.0,0.42587229697691653,0.26180153713218834,0.0,0.352,0.6894285714285715,0.0,0.12857142857142825,0.12257142857142828
200,61,9,1,generate_graphs_4,0.0,0.0562295081967213,0.09196721311475409,0.0,1.0,0.09333333333333332,0.0,0.9977777777777778,0.14333333333333323,0.0,0.8450898471475128,0.039380547898421846,0.0,0.04899999999999996,0.08014285714285713,0.0,0.12857142857142825,0.011999999999999997
200,60,10,1,generate_graphs_1,0.0,0.4580000000000001,0.8551666666666666,0.0,1.0,0.992,0.0,1.0,0.218,0.0,0.4235442766059506,0.2797268861541192,0.0,0.39257142857142846,0.733,0.0,0.1428571428571427,0.14171428571428557
200,60,10,1,generate_graphs_4,0.0,0.04733333333333333,0.11399999999999998,0.0,1.0,0.146,0.0,1.0,0.1809999999999999,0.0,0.8797895582678177,0.06643533580545362,0.0,0.04057142857142852,0.09771428571428573,0.0,0.1428571428571427,0.020857142857142855
200,59,11,1,generate_graphs_1,0.0,0.5115254237288136,0.8622033898305085,0.0,1.0,0.9881818181818183,0.0,1.0,0.25272727272727297,0.0,0.4240777486883195,0.3000984518095508,0.0,0.43114285714285694,0.7267142857142861,0.0,0.15714285714285692,0.15528571428571408
200,59,11,1,generate_graphs_4,0.0,0.054745762711864404,0.13864406779661018,0.0,1.0,0.1781818181818182,0.0,1.0,0.22181818181818191,0.0,0.8753106854308474,0.08151559324278185,0.0,0.046142857142857104,0.11685714285714283,0.0,0.15714285714285692,0.027999999999999997
200,58,12,1,generate_graphs_1,0.0,0.5494827586206896,0.8768965517241379,0.0,1.0,0.9925,0.0,1.0,0.2108333333333334,0.0,0.4315179975201236,0.3197014348633507,0.0,0.4552857142857141,0.7265714285714288,0.0,0.17142857142857118,0.17014285714285687
200,58,12,1,generate_graphs_4,0.0,0.05206896551724137,0.25551724137931037,0.0,1.0,0.36000000000000004,0.0,1.0,0.26416666666666655,0.0,0.8921358746185216,0.16992392504943918,0.0,0.04314285714285711,0.21171428571428588,0.0,0.17142857142857118,0.06171428571428573
200,57,13,1,generate_graphs_1,0.0,0.5859649122807018,0.8810526315789473,0.0,1.0,0.9953846153846153,0.0,1.0,0.17999999999999985,0.0,0.439294130683446,0.34088672484936977,0.0,0.4771428571428569,0.7174285714285717,0.0,0.18571428571428567,0.18485714285714278
200,57,13,1,generate_graphs_4,0.0,0.044210526315789464,0.4829824561403509,0.0,1.0,0.6469230769230769,0.0,1.0,0.26307692307692276,0.0,0.91377144946472,0.27970080854207285,0.0,0.03599999999999995,0.39328571428571457,0.0,0.18571428571428567,0.12014285714285704
200,56,14,1,generate_graphs_1,0.0,0.615,0.9035714285714286,0.0,1.0,0.9985714285714286,0.0,1.0,0.13785714285714276,0.0,0.44948071904897413,0.35663656064652244,0.0,0.4920000000000001,0.7228571428571429,0.0,0.19999999999999962,0.19971428571428537
200,56,14,1,generate_graphs_4,0.0,0.04982142857142857,0.8671428571428572,0.0,1.0,0.9614285714285715,0.0,1.0,0.19500000000000006,0.0,0.9114914437511284,0.34689366573808816,0.0,0.039857142857142834,0.6937142857142858,0.0,0.19999999999999962,0.19228571428571395
200,55,15,1,generate_graphs_1,0.0,0.6690909090909092,0.9443636363636362,0.0,1.0,0.998,0.0,1.0,0.14866666666666656,0.0,0.450026702495878,0.36605195429867615,0.0,0.5257142857142858,0.7419999999999998,0.0,0.2142857142857143,0.21385714285714286
200,55,15,1,generate_graphs_4,0.0,0.05199999999999999,0.9172727272727274,0.0,1.0,1.0,0.0,1.0,0.17199999999999993,0.0,0.9154121541346895,0.373204804494349,0.0,0.04085714285714281,0.7207142857142854,0.0,0.2142857142857143,0.2142857142857143
200,54,16,1,generate_graphs_1,0.0,0.688888888888889,0.9672222222222222,0.0,1.0,1.0,0.0,1.0,0.19125,0.0,0.4636907360517828,0.3803036960901045,0.0,0.5314285714285716,0.7461428571428579,0.0,0.2285714285714281,0.2285714285714281
200,54,16,1,generate_graphs_4,0.0,0.04629629629629629,0.902037037037037,0.0,1.0,1.0,0.0,1.0,0.2725,0.0,0.9296048155305108,0.39692972885731254,0.0,0.03571428571428568,0.6958571428571431,0.0,0.2285714285714281,0.2285714285714281
200,53,17,1,generate_graphs_1,0.0,0.7124528301886792,0.9822641509433961,0.0,1.0,1.0,0.0,1.0,0.2811764705882349,0.0,0.4746819397242917,0.3952878508614889,0.0,0.5394285714285718,0.7437142857142858,0.0,0.24285714285714288,0.24285714285714288
200,53,17,1,generate_graphs_4,0.0,0.051509433962264144,0.8858490566037737,0.0,1.0,1.0,0.0,1.0,0.3764705882352941,0.0,0.9276239481027666,0.42047241518286305,0.0,0.038999999999999965,0.6707142857142862,0.0,0.24285714285714288,0.24285714285714288
200,52,18,1,generate_graphs_1,0.0,0.7486538461538461,0.9778846153846152,0.0,1.0,1.0,0.11111111111111088,1.0,0.3644444444444444,0.0,0.48107833719183885,0.41474793028130114,0.0,0.5561428571428575,0.7264285714285711,0.0,0.2571428571428565,0.2571428571428565
200,52,18,1,generate_graphs_4,0.0,0.048269230769230766,0.8790384615384615,0.0,1.0,1.0,0.11111111111111088,1.0,0.46333333333333365,0.0,0.9365430214252488,0.44099600869352734,0.0,0.03585714285714282,0.6530000000000002,0.0,0.2571428571428565,0.2571428571428565
200,51,19,1,generate_graphs_1,0.0,0.7717647058823529,0.9794117647058821,0.0,1.0,1.0,0.2105263157894736,1.0,0.43421052631578955,0.0,0.49179609999987994,0.4323723308436277,0.0,0.5622857142857146,0.7135714285714282,0.0,0.271428571428572,0.271428571428572
200,51,19,1,generate_graphs_4,0.0,0.05333333333333333,0.8811764705882352,0.0,1.0,1.0,0.2105263157894736,1.0,0.5126315789473685,0.0,0.9344555876782199,0.4587050573952867,0.0,0.03885714285714282,0.6420000000000001,0.0,0.271428571428572,0.271428571428572
200,50,20,1,generate_graphs_1,0.0,0.7881999999999999,0.9710000000000001,0.0,1.0,1.0,0.3000000000000005,1.0,0.48499999999999993,0.0,0.504269397487032,0.45209039782754057,0.0,0.5630000000000006,0.6935714285714286,0.0,0.2857142857142854,0.2857142857142854
200,50,20,1,generate_graphs_4,0.0,0.051199999999999996,0.8989999999999999,0.0,1.0,1.0,0.3000000000000005,1.0,0.5534999999999999,0.0,0.9409444478073782,0.47131390679106794,0.0,0.03657142857142852,0.6421428571428575,0.0,0.2857142857142854,0.2857142857142854
200,49,21,1,generate_graphs_1,0.0,0.8210204081632653,0.9708163265306121,0.0,1.0,1.0,0.3809523809523803,1.0,0.53,0.0,0.5113678924973472,0.4692928504318549,0.0,0.5747142857142861,0.6795714285714294,0.0,0.3000000000000005,0.3000000000000005
200,49,21,1,generate_graphs_4,0.0,0.05306122448979592,0.9104081632653062,0.0,1.0,1.0,0.3809523809523803,1.0,0.5961904761904766,0.0,0.9427469777621073,0.48529984894548633,0.0,0.0371428571428571,0.6372857142857145,0.0,0.3000000000000005,0.3000000000000005
200,48,22,1,generate_graphs_1,0.0,0.8370833333333333,0.9683333333333333,0.0,1.0,1.0,0.45454545454545375,1.0,0.5890909090909093,0.0,0.5231815489497651,0.48657220688891856,0.0,0.5740000000000003,0.6639999999999995,0.0,0.31428571428571384,0.31428571428571384
200,48,22,1,generate_graphs_4,0.0,0.04708333333333334,0.9260416666666668,0.0,1.0,1.0,0.45454545454545375,1.0,0.631818181818182,0.0,0.9522263019669779,0.4977718151224817,0.0,0.03228571428571426,0.6350000000000001,0.0,0.31428571428571384,0.31428571428571384
200,47,23,1,generate_graphs_1,0.0,0.846808510638298,0.9685106382978722,0.0,1.0,1.0,0.5217391304347818,1.0,0.6343478260869565,0.0,0.5366066292965609,0.5029658806223192,0.0,0.568571428571429,0.6502857142857142,0.0,0.32857142857142896,0.32857142857142896
200,47,23,1,generate_graphs_4,0.0,0.05148936170212764,0.9323404255319151,0.0,1.0,1.0,0.5217391304347818,1.0,0.646521739130435,0.0,0.9508493133757224,0.5123619128751862,0.0,0.03457142857142854,0.6260000000000004,0.0,0.32857142857142896,0.32857142857142896
200,46,24,1,generate_graphs_1,0.0,0.8580434782608697,0.9665217391304348,0.0,1.0,1.0,0.5833333333333341,1.0,0.6679166666666667,0.0,0.5492029904251887,0.5195031048422603,0.0,0.5638571428571434,0.6351428571428578,0.0,0.34285714285714236,0.34285714285714236
200,46,24,1,generate_graphs_4,0.0,0.05326086956521738,0.9497826086956521,0.0,1.0,1.0,0.5833333333333341,1.0,0.6741666666666662,0.0,0.9525227924727518,0.5237019055805436,0.0,0.03499999999999996,0.6241428571428577,0.0,0.34285714285714236,0.34285714285714236
200,45,25,1,generate_graphs_1,0.0,0.8868888888888888,0.9644444444444444,0.0,1.0,1.0,0.600000000000001,1.0,0.714,0.0,0.556435396154103,0.5356908682920412,0.0,0.5701428571428576,0.6200000000000008,0.0,0.3571428571428571,0.3571428571428571
200,45,25,1,generate_graphs_4,0.0,0.058888888888888886,0.9568888888888887,0.0,1.0,1.0,0.600000000000001,1.0,0.718,0.0,0.9504716879116668,0.5374067418015775,0.0,0.037857142857142805,0.6151428571428573,0.0,0.3571428571428571,0.3571428571428571
200,44,26,1,generate_graphs_1,0.0,0.8927272727272729,0.9693181818181816,0.0,1.0,1.0,0.6538461538461536,1.0,0.7473076923076926,0.0,0.5699401144474305,0.5496446958495367,0.0,0.5611428571428577,0.6092857142857141,0.0,0.37142857142857133,0.37142857142857133
200,44,26,1,generate_graphs_4,0.0,0.04295454545454546,0.9595454545454544,0.0,1.0,1.0,0.6538461538461536,1.0,0.7373076923076922,0.0,0.9653767638077462,0.5520575442300888,0.0,0.026999999999999958,0.6031428571428574,0.0,0.37142857142857133,0.37142857142857133
200,43,27,1,generate_graphs_1,0.0,0.9032558139534883,0.9604651162790698,0.0,1.0,1.0,0.7037037037037034,1.0,0.7777777777777776,0.0,0.5819036141414186,0.566907196884592,0.0,0.5548571428571433,0.59,0.0,0.38571428571428606,0.38571428571428606
200,43,27,1,generate_graphs_4,0.0,0.046279069767441866,0.97,0.0,1.0,1.0,0.7037037037037034,1.0,0.7729629629629627,0.0,0.9649530545587176,0.5642818049411392,0.0,0.0284285714285714,0.5958571428571433,0.0,0.38571428571428606,0.38571428571428606
200,42,28,1,generate_graphs_1,0.0,0.9073809523809525,0.9649999999999999,0.0,1.0,1.0,0.75,1.0,0.7949999999999998,0.0,0.5952842420714678,0.580441702036679,0.0,0.5444285714285716,0.5790000000000007,0.0,0.39999999999999925,0.39999999999999925
200,42,28,1,generate_graphs_4,0.0,0.04619047619047619,0.9695238095238095,0.0,1.0,1.0,0.75,1.0,0.8021428571428568,0.0,0.9670697264052163,0.5790809759985014,0.0,0.02771428571428568,0.5817142857142862,0.0,0.39999999999999925,0.39999999999999925
200,41,29,1,generate_graphs_1,0.0,0.9173170731707317,0.9717073170731708,0.0,1.0,1.0,0.7931034482758621,1.0,0.8379310344827584,0.0,0.6068416608176901,0.5929992860145292,0.0,0.5372857142857146,0.5691428571428582,0.0,0.41428571428571376,0.41428571428571376
200,41,29,1,generate_graphs_4,0.0,0.05000000000000001,0.9739024390243902,0.0,1.0,1.0,0.7931034482758621,1.0,0.8196551724137932,0.0,0.9662971877836497,0.5923640711013863,0.0,0.02928571428571425,0.570428571428572,0.0,0.41428571428571376,0.41428571428571376
200,40,30,1,generate_graphs_1,0.0,0.92025,0.9625,0.0,1.0,1.0,0.833333333333333,1.0,0.8453333333333326,0.0,0.6199658488043116,0.609374325917335,0.0,0.5258571428571434,0.55,0.0,0.4285714285714286,0.4285714285714286
200,40,30,1,generate_graphs_4,0.0,0.052750000000000005,0.9782499999999998,0.0,1.0,1.0,0.833333333333333,1.0,0.8456666666666659,0.0,0.9665006439444563,0.6053333530525874,0.0,0.030142857142857096,0.5589999999999999,0.0,0.4285714285714286,0.4285714285714286
200,39,31,1,generate_graphs_1,0.0,0.9392307692307693,0.9535897435897436,0.0,1.0,1.0,0.8709677419354835,1.0,0.8674193548387101,0.0,0.6287871436296153,0.6254294646067275,0.0,0.5232857142857147,0.5312857142857141,0.0,0.442857142857143,0.442857142857143
200,39,31,1,generate_graphs_4,0.0,0.0453846153846154,0.9743589743589743,0.0,1.0,1.0,0.8709677419354835,1.0,0.8780645161290326,0.0,0.972598349929507,0.6200587049868463,0.0,0.025285714285714248,0.5428571428571434,0.0,0.442857142857143,0.442857142857143
200,38,32,1,generate_graphs_1,0.0,0.9457894736842105,0.9592105263157895,0.0,1.0,1.0,0.90625,1.0,0.893125,0.0,0.6405008950978636,0.6373635683672009,0.0,0.5134285714285715,0.520714285714286,0.0,0.4571428571428562,0.4571428571428562
200,38,32,1,generate_graphs_4,0.0,0.04710526315789475,0.9686842105263158,0.0,1.0,1.0,0.90625,1.0,0.8946875,0.0,0.973146040939757,0.6349507795580981,0.0,0.025571428571428544,0.5258571428571434,0.0,0.4571428571428562,0.4571428571428562
200,37,33,1,generate_graphs_1,0.0,0.9494594594594595,0.9605405405405405,0.0,1.0,1.0,0.9393939393939381,1.0,0.9163636363636353,0.0,0.6527428608355271,0.6501893572270281,0.0,0.5018571428571426,0.5077142857142863,0.0,0.4714285714285703,0.4714285714285703
200,37,33,1,generate_graphs_4,0.0,0.0491891891891892,0.9783783783783785,0.0,1.0,1.0,0.9393939393939381,1.0,0.9199999999999988,0.0,0.9735546422661886,0.6458642990253871,0.0,0.025999999999999978,0.5171428571428573,0.0,0.4714285714285703,0.4714285714285703
200,36,34,1,generate_graphs_1,0.0,0.9586111111111111,0.9599999999999999,0.0,1.0,1.0,0.9411764705882331,1.0,0.9317647058823514,0.0,0.6634305957854927,0.663224755324292,0.0,0.49299999999999966,0.49371428571428505,0.0,0.48571428571428577,0.48571428571428577
200,36,34,1,generate_graphs_4,0.0,0.05722222222222222,0.9680555555555554,0.0,1.0,1.0,0.9411764705882331,1.0,0.9297058823529396,0.0,0.9709395710115907,0.6612434525304652,0.0,0.02942857142857139,0.4978571428571423,0.0,0.48571428571428577,0.48571428571428577
200,35,35,1,generate_graphs_1,0.0,0.9622857142857143,0.9651428571428572,0.0,1.0,1.0,0.9428571428571406,1.0,0.9397142857142845,0.0,0.6752300985227451,0.6746495696600866,0.0,0.4811428571428565,0.48257142857142826,0.0,0.5,0.5
200,35,35,1,generate_graphs_4,0.0,0.04828571428571429,0.966857142857143,0.0,1.0,1.0,0.9428571428571406,1.0,0.9391428571428553,0.0,0.9766955614184211,0.6741843180605889,0.0,0.0241428571428571,0.48342857142857093,0.0,0.5,0.5
200,34,36,1,generate_graphs_1,0.0,0.9694117647058824,0.9635294117647059,0.0,1.0,1.0,0.9444444444444432,1.0,0.959166666666667,0.0,0.6860461536086254,0.6874606053939657,0.0,0.4708571428571424,0.46799999999999964,0.0,0.514285714285713,0.514285714285713
200,34,36,1,generate_graphs_4,0.0,0.04470588235294118,0.9720588235294116,0.0,1.0,1.0,0.9444444444444432,1.0,0.9524999999999996,0.0,0.9795987104226463,0.6854691863054346,0.0,0.02171428571428569,0.4721428571428569,0.0,0.514285714285713,0.514285714285713
200,33,37,1,generate_graphs_1,0.0,0.9766666666666666,0.9542424242424242,0.0,1.0,1.0,0.945945945945947,1.0,0.9575675675675681,0.0,0.6966503099971716,0.7016546553233215,0.0,0.4604285714285706,0.4498571428571423,0.0,0.5285714285714299,0.5285714285714299
200,33,37,1,generate_graphs_4,0.0,0.046363636363636364,0.9636363636363635,0.0,1.0,1.0,0.945945945945947,1.0,0.9551351351351356,0.0,0.9799864836917465,0.6995111032946602,0.0,0.021857142857142832,0.4542857142857137,0.0,0.5285714285714299,0.5285714285714299
200,32,38,1,generate_graphs_1,0.0,0.9753125,0.9659374999999999,0.0,1.0,1.0,0.9210526315789461,1.0,0.9318421052631565,0.0,0.7089393017492123,0.7109984488403733,0.0,0.44585714285714234,0.441571428571428,0.0,0.542857142857144,0.542857142857144
200,32,38,1,generate_graphs_4,0.0,0.054375,0.9687499999999999,0.0,1.0,1.0,0.9210526315789461,1.0,0.9284210526315778,0.0,0.9778882492227148,0.7103341953474213,0.0,0.02485714285714282,0.4428571428571425,0.0,0.542857142857144,0.542857142857144
200,31,39,1,generate_graphs_1,0.0,0.9777419354838709,0.9641935483870967,0.0,1.0,1.0,0.8974358974358977,1.0,0.9102564102564095,0.0,0.7201917970265957,0.7230925268759393,0.0,0.4329999999999999,0.42699999999999994,0.0,0.557142857142857,0.557142857142857
200,31,39,1,generate_graphs_4,0.0,0.04612903225806453,0.9596774193548389,0.0,1.0,1.0,0.8974358974358977,1.0,0.9074358974358968,0.0,0.9822367958925083,0.7239699511516361,0.0,0.020428571428571404,0.4249999999999999,0.0,0.557142857142857,0.557142857142857
200,30,40,1,generate_graphs_1,0.0,0.9836666666666666,0.967,0.0,1.0,1.0,0.875,1.0,0.8862500000000003,0.0,0.730562062514973,0.7340123547891708,0.0,0.4215714285714286,0.4144285714285712,0.0,0.5714285714285708,0.5714285714285708
200,30,40,1,generate_graphs_4,0.0,0.054333333333333345,0.9570000000000001,0.0,1.0,1.0,0.875,1.0,0.8872500000000001,0.0,0.9802065764214496,0.7360013995242646,0.0,0.023285714285714257,0.4101428571428569,0.0,0.5714285714285708,0.5714285714285708
200,29,41,1,generate_graphs_1,0.0,0.9848275862068964,0.9744827586206897,0.0,1.0,1.0,0.8536585365853668,1.0,0.8619512195121953,0.0,0.7417010872423709,0.7438072159352358,0.0,0.4079999999999994,0.40371428571428536,0.0,0.5857142857142871,0.5857142857142871
200,29,41,1,generate_graphs_4,0.0,0.052413793103448285,0.9520689655172415,0.0,1.0,1.0,0.8536585365853668,1.0,0.8668292682926827,0.0,0.9820135383117129,0.7481995476159894,0.0,0.021714285714285696,0.39442857142857124,0.0,0.5857142857142871,0.5857142857142871
200,28,42,1,generate_graphs_1,0.0,0.9853571428571427,0.9821428571428571,0.0,1.0,1.0,0.833333333333333,1.0,0.84047619047619,0.0,0.7527839202839206,0.7534311166835075,0.0,0.39414285714285674,0.39285714285714235,0.0,0.600000000000001,0.600000000000001
200,28,42,1,generate_graphs_4,0.0,0.04071428571428572,0.9403571428571429,0.0,1.0,1.0,0.833333333333333,1.0,0.8519047619047617,0.0,0.9867375862497803,0.7614646892767449,0.0,0.01628571428571426,0.37614285714285695,0.0,0.600000000000001,0.600000000000001
200,27,43,1,generate_graphs_1,0.0,0.9855555555555555,0.9951851851851852,0.0,1.0,1.0,0.8139534883720928,1.0,0.8174418604651161,0.0,0.763721901593584,0.7619489954556339,0.0,0.3801428571428573,0.3838571428571431,0.0,0.614285714285714,0.614285714285714
200,27,43,1,generate_graphs_4,0.0,0.05037037037037037,0.9174074074074076,0.0,1.0,1.0,0.8139534883720928,1.0,0.8430232558139538,0.0,0.9846354244548422,0.7766019954431372,0.0,0.019428571428571417,0.35385714285714287,0.0,0.614285714285714,0.614285714285714
200,26,44,1,generate_graphs_1,0.0,0.9903846153846151,1.0,0.0,1.0,1.0,0.7954545454545463,1.0,0.7959090909090918,0.0,0.7736437661961643,0.7719298245614027,0.0,0.36785714285714277,0.37142857142857133,0.0,0.6285714285714277,0.6285714285714277
200,26,44,1,generate_graphs_4,0.0,0.04730769230769231,0.87,0.0,1.0,1.0,0.7954545454545463,1.0,0.8447727272727277,0.0,0.9863187809313843,0.7960133251091102,0.0,0.017571428571428547,0.3231428571428571,0.0,0.6285714285714277,0.6285714285714277
200,25,45,1,generate_graphs_1,0.0,0.9887999999999999,1.0,0.0,1.0,1.0,0.7777777777777771,1.0,0.7775555555555549,0.0,0.7845406778778414,0.7826086956521732,0.0,0.35314285714285704,0.3571428571428571,0.0,0.6428571428571442,0.6428571428571442
200,25,45,1,generate_graphs_4,0.0,0.05240000000000001,0.8628,0.0,1.0,1.0,0.7777777777777771,1.0,0.8644444444444437,0.0,0.985809258456937,0.8072476169412971,0.0,0.018714285714285687,0.30814285714285733,0.0,0.6428571428571442,0.6428571428571442
200,24,46,1,generate_graphs_1,0.0,0.9962500000000002,1.0,0.0,1.0,1.0,0.7608695652173908,1.0,0.7608695652173908,0.0,0.7937241379310344,0.7931034482758621,0.0,0.3415714285714281,0.34285714285714236,0.0,0.6571428571428579,0.6571428571428579
200,24,46,1,generate_graphs_4,0.0,0.04708333333333333,0.9070833333333335,0.0,1.0,0.9995652173913044,0.7608695652173908,1.0,0.8234782608695649,0.0,0.9879717213586361,0.8090538065183699,0.0,0.016142857142857122,0.3109999999999997,0.0,0.6571428571428579,0.6568571428571437
200,23,47,1,generate_graphs_1,0.0,0.9965217391304345,1.0,0.0,1.0,1.0,0.7446808510638289,1.0,0.7446808510638289,0.0,0.8039728853521955,0.8034188034188035,0.0,0.32742857142857185,0.32857142857142896,0.0,0.6714285714285713,0.6714285714285713
200,23,47,1,generate_graphs_4,0.0,0.05086956521739131,0.9782608695652172,0.0,1.0,1.0,0.7446808510638289,1.0,0.7627659574468081,0.0,0.9878289456151418,0.807003009644751,0.0,0.0167142857142857,0.3214285714285717,0.0,0.6714285714285713,0.6714285714285713
200,22,48,1,generate_graphs_1,0.0,0.9913636363636361,1.0,0.0,1.0,1.0,0.7291666666666664,1.0,0.7291666666666664,0.0,0.8148828845029886,0.8135593220338972,0.0,0.3115714285714283,0.31428571428571384,0.0,0.6857142857142847,0.6857142857142847
200,22,48,1,generate_graphs_4,0.0,0.05727272727272728,0.9981818181818181,0.0,1.0,1.0,0.7291666666666664,1.0,0.7310416666666665,0.0,0.987222408637804,0.813841089885304,0.0,0.017999999999999978,0.31371428571428533,0.0,0.6857142857142847,0.6857142857142847
200,21,49,1,generate_graphs_1,0.0,0.9980952380952381,1.0,0.0,1.0,1.0,0.7142857142857142,1.0,0.7142857142857142,0.0,0.8238085742771685,0.8235294117647058,0.0,0.2994285714285719,0.3000000000000005,0.0,0.7000000000000013,0.7000000000000013
200,21,49,1,generate_graphs_4,0.0,0.061428571428571443,1.0,0.0,1.0,1.0,0.7142857142857142,1.0,0.7142857142857142,0.0,0.9871452779429859,0.8235294117647058,0.0,0.018428571428571405,0.3000000000000005,0.0,0.7000000000000013,0.7000000000000013
200,20,50,1,generate_graphs_1,0.0,0.9969999999999999,1.0,0.0,1.0,1.0,0.7000000000000013,1.0,0.7000000000000013,0.0,0.8337535014005597,0.833333333333333,0.0,0.28485714285714264,0.2857142857142854,0.0,0.7142857142857142,0.7142857142857142
200,20,50,1,generate_graphs_4,0.0,0.053000000000000005,1.0,0.0,1.0,1.0,0.7000000000000013,1.0,0.7000000000000013,0.0,0.9896221388162622,0.833333333333333,0.0,0.015142857142857126,0.2857142857142854,0.0,0.7142857142857142,0.7142857142857142
200,19,51,1,generate_graphs_1,0.0,0.9963157894736842,1.0,0.0,1.0,1.0,0.6862745098039222,1.0,0.6862745098039222,0.0,0.84346694214876,0.8429752066115698,0.0,0.27042857142857185,0.271428571428572,0.0,0.7285714285714279,0.7285714285714279
200,19,51,1,generate_graphs_4,0.0,0.05578947368421053,1.0,0.0,1.0,1.0,0.6862745098039222,1.0,0.6862745098039222,0.0,0.9898012949680843,0.8429752066115698,0.0,0.015142857142857126,0.271428571428572,0.0,0.7285714285714279,0.7285714285714279
200,18,52,1,generate_graphs_1,0.0,0.9966666666666667,1.0,0.0,1.0,1.0,0.692307692307693,1.0,0.692307692307693,0.0,0.8528817233437184,0.8524590163934406,0.0,0.2562857142857137,0.2571428571428565,0.0,0.7428571428571427,0.7428571428571427
200,18,52,1,generate_graphs_4,0.0,0.04944444444444445,1.0,0.0,1.0,1.0,0.692307692307693,1.0,0.692307692307693,0.0,0.9915792144009381,0.8524590163934406,0.0,0.0127142857142857,0.2571428571428565,0.0,0.7428571428571427,0.7428571428571427
200,17,53,1,generate_graphs_1,0.0,0.9970588235294118,1.0,0.0,1.0,1.0,0.6792452830188671,1.0,0.6792452830188671,0.0,0.8621418099426886,0.8617886178861777,0.0,0.24214285714285716,0.24285714285714288,0.0,0.7571428571428572,0.7571428571428572
200,17,53,1,generate_graphs_4,0.0,0.04882352941176471,1.0,0.0,1.0,1.0,0.6792452830188671,1.0,0.6792452830188671,0.0,0.9922980414335117,0.8617886178861777,0.0,0.011857142857142849,0.24285714285714288,0.0,0.7571428571428572,0.7571428571428572
200,16,54,1,generate_graphs_1,0.0,0.9962500000000001,1.0,0.0,1.0,1.0,0.7037037037037034,1.0,0.7037037037037034,0.0,0.8713926042486253,0.8709677419354862,0.0,0.22771428571428526,0.2285714285714281,0.0,0.7714285714285721,0.7714285714285721
200,16,54,1,generate_graphs_4,0.0,0.05,1.0,0.0,1.0,1.0,0.7037037037037034,1.0,0.7037037037037034,0.0,0.992720196366986,0.8709677419354862,0.0,0.011428571428571422,0.2285714285714281,0.0,0.7714285714285721,0.7714285714285721
200,15,55,1,generate_graphs_1,0.0,0.9973333333333334,1.0,0.0,1.0,1.0,0.7272727272727276,0.9998181818181818,0.7272727272727276,0.0,0.8802838709677415,0.8799999999999996,0.0,0.2137142857142857,0.2142857142857143,0.0,0.7857142857142863,0.7857142857142863
200,15,55,1,generate_graphs_4,0.0,0.04733333333333334,1.0,0.0,1.0,1.0,0.7272727272727276,1.0,0.7272727272727276,0.0,0.9936451763827177,0.8799999999999996,0.0,0.010142857142857134,0.2142857142857143,0.0,0.7857142857142863,0.7857142857142863
200,14,56,1,generate_graphs_1,0.0,0.9950000000000001,1.0,0.0,1.0,1.0,0.75,1.0,0.75,0.0,0.8893866666666649,0.8888888888888871,0.0,0.19899999999999968,0.19999999999999962,0.0,0.7999999999999985,0.7999999999999985
200,14,56,1,generate_graphs_4,0.0,0.04785714285714287,1.0,0.0,1.0,1.0,0.75,1.0,0.75,0.0,0.9940909391601354,0.8888888888888871,0.0,0.009571428571428562,0.19999999999999962,0.0,0.7999999999999985,0.7999999999999985
200,13,57,1,generate_graphs_1,0.0,0.9984615384615385,1.0,0.0,1.0,1.0,0.7719298245614027,1.0,0.7719298245614027,0.0,0.8977802774653157,0.8976377952755895,0.0,0.1854285714285714,0.18571428571428567,0.0,0.8142857142857156,0.8142857142857156
200,13,57,1,generate_graphs_4,0.0,0.04923076923076924,1.0,0.0,1.0,1.0,0.7719298245614027,1.0,0.7719298245614027,0.0,0.9944616537884905,0.8976377952755895,0.0,0.009142857142857133,0.18571428571428567,0.0,0.8142857142857156,0.8142857142857156
200,12,58,1,generate_graphs_1,0.0,0.9975,1.0,0.0,1.0,1.0,0.7931034482758621,1.0,0.7931034482758621,0.0,0.9064640748031496,0.90625,0.0,0.17099999999999976,0.17142857142857118,0.0,0.8285714285714275,0.8285714285714275
200,12,58,1,generate_graphs_4,0.0,0.04499999999999999,1.0,0.0,1.0,1.0,0.7931034482758621,1.0,0.7931034482758621,0.0,0.9953991018397792,0.90625,0.0,0.007714285714285708,0.17142857142857118,0.0,0.8285714285714275,0.8285714285714275
200,11,59,1,generate_graphs_1,0.0,0.9954545454545454,1.0,0.0,1.0,1.0,0.8135593220338972,1.0,0.8135593220338972,0.0,0.9150859980620166,0.9147286821705438,0.0,0.15642857142857122,0.15714285714285692,0.0,0.842857142857142,0.842857142857142
200,11,59,1,generate_graphs_4,0.0,0.04727272727272727,1.0,0.0,1.0,1.0,0.8135593220338972,1.0,0.8135593220338972,0.0,0.9956456582633056,0.9147286821705438,0.0,0.007428571428571424,0.15714285714285692,0.0,0.842857142857142,0.842857142857142
200,10,60,1,generate_graphs_1,0.0,0.9970000000000001,1.0,0.0,1.0,1.0,0.833333333333333,1.0,0.833333333333333,0.0,0.9232915921287994,0.9230769230769211,0.0,0.1424285714285713,0.1428571428571427,0.0,0.8571428571428572,0.8571428571428572
200,10,60,1,generate_graphs_4,0.0,0.049,1.0,0.0,1.0,1.0,0.833333333333333,1.0,0.833333333333333,0.0,0.9959653163527973,0.9230769230769211,0.0,0.0069999999999999975,0.1428571428571427,0.0,0.8571428571428572,0.8571428571428572
200,9,61,1,generate_graphs_1,0.0,0.9966666666666667,1.0,0.0,1.0,1.0,0.8524590163934405,1.0,0.8524590163934405,0.0,0.9315126247798012,0.931297709923665,0.0,0.12814285714285684,0.12857142857142825,0.0,0.8714285714285708,0.8714285714285708
200,9,61,1,generate_graphs_4,0.0,0.051111111111111114,1.0,0.0,1.0,1.0,0.8524590163934405,1.0,0.8524590163934405,0.0,0.9962758353002877,0.931297709923665,0.0,0.006571428571428568,0.12857142857142825,0.0,0.8714285714285708,0.8714285714285708
200,8,62,1,generate_graphs_1,0.0,0.99875,1.0,0.0,1.0,1.0,0.8709677419354835,1.0,0.8709677419354835,0.0,0.9394656488549604,0.939393939393938,0.0,0.1141428571428569,0.11428571428571405,0.0,0.885714285714286,0.885714285714286
200,8,62,1,generate_graphs_4,0.0,0.04,1.0,0.0,1.0,1.0,0.8709677419354835,1.0,0.8709677419354835,0.0,0.9974450793650793,0.939393939393938,0.0,0.004571428571428573,0.11428571428571405,0.0,0.885714285714286,0.885714285714286
200,7,63,1,generate_graphs_1,0.0,0.9985714285714286,1.0,0.0,1.0,1.0,0.8888888888888871,1.0,0.8888888888888871,0.0,0.9474401913875586,0.9473684210526304,0.0,0.09985714285714269,0.09999999999999981,0.0,0.9000000000000008,0.9000000000000008
200,7,63,1,generate_graphs_4,0.0,0.049999999999999996,1.0,0.0,1.0,1.0,0.8888888888888871,1.0,0.8888888888888871,0.0,0.9972477854330712,0.9473684210526304,0.0,0.005000000000000001,0.09999999999999981,0.0,0.9000000000000008,0.9000000000000008
200,6,64,1,generate_graphs_1,0.0,1.0,1.0,0.0,1.0,1.0,0.90625,1.0,0.90625,0.0,0.9552238805970166,0.9552238805970166,0.0,0.08571428571428559,0.08571428571428559,0.0,0.9142857142857124,0.9142857142857124
200,6,64,1,generate_graphs_4,0.0,0.043333333333333335,1.0,0.0,1.0,1.0,0.90625,1.0,0.90625,0.0,0.9979844961240313,0.9552238805970166,0.0,0.003714285714285715,0.08571428571428559,0.0,0.9142857142857124,0.9142857142857124
200,5,65,1,generate_graphs_1,0.0,1.0,1.0,0.0,1.0,1.0,0.9230769230769211,1.0,0.9230769230769211,0.0,0.9629629629629622,0.9629629629629622,0.0,0.07142857142857136,0.07142857142857136,0.0,0.9285714285714296,0.9285714285714296
200,5,65,1,generate_graphs_4,0.0,0.054000000000000006,1.0,0.0,1.0,1.0,0.9230769230769211,1.0,0.9230769230769211,0.0,0.9979424011103402,0.9629629629629622,0.0,0.003857142857142858,0.07142857142857136,0.0,0.9285714285714296,0.9285714285714296
200,4,66,1,generate_graphs_1,0.0,1.0,1.0,0.0,1.0,1.0,0.9393939393939381,1.0,0.9393939393939381,0.0,0.9705882352941163,0.9705882352941163,0.0,0.05714285714285702,0.05714285714285702,0.0,0.9428571428571406,0.9428571428571406
200,4,66,1,generate_graphs_4,0.0,0.04,1.0,0.0,1.0,1.0,0.9393939393939381,1.0,0.9393939393939381,0.0,0.9987981146897092,0.9705882352941163,0.0,0.0022857142857142863,0.05714285714285702,0.0,0.9428571428571406,0.9428571428571406
200,3,67,1,generate_graphs_1,0.0,1.0,1.0,0.0,1.0,1.0,0.9552238805970166,1.0,0.9552238805970166,0.0,0.9781021897810227,0.9781021897810227,0.0,0.042857142857142795,0.042857142857142795,0.0,0.9571428571428559,0.9571428571428559
200,3,67,1,generate_graphs_4,0.0,0.03666666666666667,1.0,0.0,1.0,1.0,0.9552238805970166,1.0,0.9552238805970166,0.0,0.9991851851851851,0.9781021897810227,0.0,0.0015714285714285717,0.042857142857142795,0.0,0.9571428571428559,0.9571428571428559
200,2,68,1,generate_graphs_1,0.0,1.0,1.0,0.0,1.0,1.0,0.9705882352941163,1.0,0.9705882352941163,0.0,0.9855072463768123,0.9855072463768123,0.0,0.02857142857142851,0.02857142857142851,0.0,0.9714285714285715,0.9714285714285715
200,2,68,1,generate_graphs_4,0.0,0.055,1.0,0.0,1.0,1.0,0.9705882352941163,1.0,0.9705882352941163,0.0,0.9991970802919709,0.9855072463768123,0.0,0.0015714285714285717,0.02857142857142851,0.0,0.9714285714285715,0.9714285714285715
200,1,69,1,generate_graphs_1,0.0,1.0,1.0,0.0,1.0,1.0,0.9855072463768123,1.0,0.9855072463768123,0.0,0.9928057553956826,0.9928057553956826,0.0,0.014285714285714256,0.014285714285714256,0.0,0.9857142857142847,0.9857142857142847
200,1,69,1,generate_graphs_4,0.0,0.07,1.0,0.0,1.0,1.0,0.9855072463768123,1.0,0.9855072463768123,0.0,0.9994964028776978,0.9928057553956826,0.0,0.001,0.014285714285714256,0.0,0.9857142857142847,0.9857142857142847
